Color,Wavelength,R,T,x,K,S,error
Y,800,0.01801774819548,0.9099287415,1.0,0.07479964787694722,0.019773075192120924,3.469446951953614e-18
Y,799,0.01800389924376,0.9107449341,1.0,0.07393492379623089,0.019740721494912888,3.8163916471489756e-17
Y,798,0.018046975282,0.9093151855000001,1.0,0.07542990205319104,0.019818095809626023,2.42861286636753e-17
Y,797,0.01808564416092,0.908533783,1.0,0.07623159172721083,0.019877103539113053,1.1102230246251565e-16
Y,796,0.0181228853842,0.9108863067999999,1.0,0.07365460930280271,0.019868213451193842,6.938893903907228e-18
Y,795,0.018128171978400002,0.9100242615,1.0,0.07457773870676612,0.019892248522886385,3.469446951953614e-18
Y,794,0.01822516191864,0.9075910949999999,1.0,0.07709935493437103,0.020050597200954222,0.0
Y,793,0.01817253452105,0.911566925,1.0,0.07286850088636371,0.019908235098947756,0.0
Y,792,0.0182367244486,0.9112424469,1.0,0.0731487028819334,0.0199854590213094,3.469446951953614e-18
Y,791,0.01819581822716,0.9105908202999999,1.0,0.0738943938591375,0.01995445164887715,3.122502256758253e-17
Y,790,0.0182731355828,0.9101391602,1.0,0.07429780572869092,0.02004888602941503,0.0
Y,789,0.01846837136375,0.9101902771,1.0,0.07403255571080619,0.0202620186627617,3.469446951953614e-18
Y,788,0.01833147982095,0.9103996277,1.0,0.07395435321070025,0.02010733341742358,0.0
Y,787,0.01833817695892,0.9112480927,1.0,0.07303352814223837,0.020096532845002547,1.491862189340054e-16
Y,786,0.01826811306685,0.9101106262,1.0,0.07433396380882377,0.020043983488316687,1.1796119636642288e-16
Y,785,0.01849057932595,0.9087088013,1.0,0.0756060121320546,0.020318414967098897,1.1102230246251565e-16
Y,784,0.01835555356735,0.9108844757,1.0,0.07340627164985021,0.02012335917683342,3.469446951953614e-18
Y,783,0.018420616488,0.9110777283,1.0,0.07312824770700467,0.020190546264356585,3.8163916471489756e-17
Y,782,0.01847645440188,0.9101959229000001,1.0,0.07401777289910906,0.020270766028383343,3.8163916471489756e-17
Y,781,0.01845962364215,0.9106490326,1.0,0.07354783567911205,0.0202425359488013,0.0
Y,780,0.018449020802750002,0.9099197388,1.0,0.07434490546613765,0.02024661552202624,1.1449174941446927e-16
Y,779,0.018476750208999998,0.9091307831000001,1.0,0.0751656617621471,0.02029409215568085,1.1102230246251565e-16
Y,778,0.0185635359597,0.9087931824000001,1.0,0.07543632263426273,0.020396759876010636,0.0
Y,777,0.01865253977435,0.9097555542000001,1.0,0.07430272462767583,0.020473570949137713,1.1449174941446927e-16
Y,776,0.0185101600006,0.9100106812,1.0,0.07418108055144758,0.020311753876071984,6.938893903907228e-18
Y,775,0.01853323027955,0.9096382140999999,1.0,0.07455766592585686,0.02034513841020869,6.938893903907228e-18
Y,774,0.01858731658798,0.9105594634999999,1.0,0.07350691132866016,0.020384522201708027,3.469446951953614e-17
Y,773,0.0185948208208,0.9102453613,1.0,0.07383712273681925,0.020399570403427134,2.7755575615628914e-17
Y,772,0.018782816258649998,0.9084122467,1.0,0.07561098349539445,0.02064610434180798,1.1102230246251565e-16
Y,771,0.0186985249431,0.9091269684,1.0,0.07493082800572341,0.02053779470312202,1.1796119636642288e-16
Y,770,0.01869972768915,0.9096713257000001,1.0,0.07434269197183567,0.020527213087614068,6.938893903907228e-18
Y,769,0.01880098858736,0.9105762482,1.0,0.07325899723314712,0.020618515984174354,3.8163916471489756e-17
Y,768,0.01869168096495,0.9090914153999999,1.0,0.07497654118712171,0.020531054024612107,1.1449174941446927e-16
Y,767,0.018896562798,0.9092044067,1.0,0.07463401527375033,0.020753628914130493,2.42861286636753e-17
Y,766,0.01890819638775,0.9085787201,1.0,0.07529622591462062,0.020780253757261797,0.0
Y,765,0.01890004667808,0.9093470764,1.0,0.07447647108266585,0.020754301956554002,0.0
Y,764,0.01893426774408,0.9089517212,1.0,0.07486584077550358,0.02080064246542378,0.0
Y,763,0.01892494339195,0.9088649750000001,1.0,0.0749694291771748,0.02079231897167147,3.469446951953614e-18
Y,762,0.01899804592255,0.9099345397999999,1.0,0.07373800220791617,0.020848885198903978,2.0816681711721685e-17
Y,761,0.019007698666299998,0.9089149475,1.0,0.07482639093552383,0.02088214022764506,6.938893903907228e-18
Y,760,0.019016210354,0.9096125793000001,1.0,0.07406528635953503,0.020875976223573914,2.498001805406602e-16
Y,759,0.0190017561482,0.9081790161000001,1.0,0.0756266389069283,0.020891987495013944,0.0
Y,758,0.0190593891352,0.9092484283000001,1.0,0.0744112170890348,0.020931499340167494,3.469446951953614e-18
Y,757,0.019073265693749997,0.909770813,1.0,0.07383341217809024,0.020935092635017877,6.938893903907228e-18
Y,756,0.0191156177394,0.9080344391,1.0,0.07565990723000086,0.021020431464782725,0.0
Y,755,0.019222494376820002,0.9100541687,1.0,0.07336769923040959,0.021092547012175836,3.469446951953614e-18
Y,754,0.019202136611200002,0.9090291595,1.0,0.07449384391000399,0.021093214909108163,2.255140518769849e-16
Y,753,0.01917702618425,0.9087366486,1.0,0.07483624169290201,0.02107219317687352,0.0
Y,752,0.01930751864448,0.908392334,1.0,0.07506696489557038,0.021223386144929392,3.469446951953614e-17
Y,751,0.019210446652199998,0.9081152344,1.0,0.07547049839595281,0.02112290463272589,3.469446951953614e-18
Y,750,0.01932545168745,0.9084102631000001,1.0,0.07502830617231364,0.021242695482107388,0.0
Y,749,0.0192017745164,0.9078253936999999,1.0,0.07579262611536754,0.021119892327270615,0.0
Y,748,0.01932400816135,0.9080999756,1.0,0.07536455958723509,0.02124813414785695,1.1102230246251565e-16
Y,747,0.01941778309536,0.9070108795,1.0,0.0764390486304294,0.021376070993294433,2.7755575615628914e-17
Y,746,0.0194091036757,0.9085097503999999,1.0,0.07483090000469667,0.021332397379400816,1.1449174941446927e-16
Y,745,0.019466597880100002,0.9080602264,1.0,0.07525376708792539,0.021405850403202933,3.469446951953614e-18
Y,744,0.01943320469505,0.9083357239000001,1.0,0.07499259949348618,0.021362851728550188,0.0
Y,743,0.019485358488240002,0.9091783904999999,1.0,0.0740281010575511,0.021400970168566253,0.0
Y,742,0.0195032007461,0.9081493378000001,1.0,0.07511820240099285,0.021444068282348364,2.7755575615628914e-17
Y,741,0.01944847022385,0.9082196808,1.0,0.07510130531547793,0.021382279694847725,0.0
Y,740,0.019499001836150002,0.9075875092,1.0,0.07572889766188344,0.021452296070679323,1.1449174941446927e-16
Y,739,0.01953680031405,0.9081613158999999,1.0,0.07506907940849344,0.0214807424351631,1.1102230246251565e-16
Y,738,0.0196219053207,0.9081943511999999,1.0,0.07494175819861108,0.02157356905653235,0.0
Y,737,0.0197046522868,0.9084340668,1.0,0.07459416086645547,0.021659025168730327,0.0
Y,736,0.01969015059,0.9078171539000001,1.0,0.07527506113077848,0.02165731923749707,1.1449174941446927e-16
Y,735,0.01975054450671,0.9085144043,1.0,0.07445813872963909,0.021707617869893118,3.469446951953614e-18
Y,734,0.0197453390109,0.908238678,1.0,0.07476099047862056,0.02170827359463542,1.1796119636642288e-16
Y,733,0.01977933694408,0.9086930847000001,1.0,0.07423456262321991,0.021735129359994432,3.469446951953614e-18
Y,732,0.0198694547139,0.9078100586,1.0,0.07508949465877944,0.021854730680920927,2.220446049250313e-16
Y,731,0.01983664031784,0.9081672668,1.0,0.07473964046077416,0.02181032580434899,2.42861286636753e-17
Y,730,0.01984374766505,0.9077648926,1.0,0.07516591197720753,0.021827502058406584,1.3183898417423734e-16
Y,729,0.01987734299328,0.9081746674,1.0,0.07468781988375844,0.021854912350438148,2.255140518769849e-16
Y,728,0.01993086877032,0.9077201843,1.0,0.07512025641432318,0.02192439152515394,1.1102230246251565e-16
Y,727,0.01994626153995,0.9082093811,1.0,0.074576168459354,0.021929887125062643,1.1102230246251565e-16
Y,726,0.0199114153365,0.9077626800999999,1.0,0.07509538255201183,0.021901996841338072,0.0
Y,725,0.02000568202455,0.9075311279,1.0,0.0752435667222999,0.022011136498715958,1.1449174941446927e-16
Y,724,0.019948092927,0.907665329,1.0,0.07516086463571534,0.02194462470019447,1.1796119636642288e-16
Y,723,0.0200029776444,0.9084858704,1.0,0.0742170915403407,0.021985773380922943,2.255140518769849e-16
Y,722,0.02010735492545,0.9075058746000001,1.0,0.07516124071869171,0.022123613820792993,1.1102230246251565e-16
Y,721,0.020121396365450003,0.9078242493,1.0,0.07480275767120668,0.022131551347575346,1.1102230246251565e-16
Y,720,0.02022821944605,0.9085356903,1.0,0.07392095235088011,0.0222321988732177,1.734723475976807e-17
Y,719,0.02019705742956,0.9082652283,1.0,0.07424591647893707,0.022204343531945798,2.255140518769849e-16
Y,718,0.020164430704459998,0.9080959319999999,1.0,0.0744635115710623,0.022172469400770934,1.1449174941446927e-16
Y,717,0.020141781758419998,0.9083898926,1.0,0.07417108476584534,0.0221406234508198,0.0
Y,716,0.0202900454128,0.9078212738000001,1.0,0.07462430944923654,0.022317147326729323,0.0
Y,715,0.02023373549568,0.9081880951,1.0,0.07428955236753906,0.022246501699858902,0.0
Y,714,0.020273795961999998,0.9084231567000001,1.0,0.07399313533388528,0.022284970335698782,1.1449174941446927e-16
Y,713,0.02028764705485,0.9068119049000001,1.0,0.07571567050772718,0.02233854373226582,3.469446951953614e-18
Y,712,0.0204329648845,0.9071164703,1.0,0.07523040066408962,0.022491267505753657,1.2836953722228372e-16
Y,711,0.020442976084439998,0.9075095367,1.0,0.07479569020321167,0.022492857553085183,1.1449174941446927e-16
Y,710,0.02047395100716,0.9082379912999999,1.0,0.07397719086253642,0.0225094560401151,3.469446951953614e-18
Y,709,0.0204418490206,0.9077696228000001,1.0,0.07451650096963125,0.022485380717683474,1.1449174941446927e-16
Y,708,0.02051639506735,0.9078538513,1.0,0.07434543953423092,0.0225653651652441,0.0
Y,707,0.020480908724520002,0.9070002747,1.0,0.07530408033661416,0.022546843516378666,1.4224732503009818e-16
Y,706,0.02055374400425,0.9069607544,1.0,0.07526821743575027,0.022627992147267847,2.220446049250313e-16
Y,705,0.02058472600764,0.9073144531,1.0,0.074853348787549,0.02265355783289984,2.255140518769849e-16
Y,704,0.02059347232445,0.9074282074,1.0,0.07472126998765646,0.022660435423320496,3.469446951953614e-18
Y,703,0.0206084863869,0.9071257782000001,1.0,0.07503122297953993,0.02268427480183172,1.734723475976807e-17
Y,702,0.02067260465136,0.9074111938,1.0,0.07465437901522573,0.022747936598082854,0.0
Y,701,0.020724550095119997,0.9076487731999999,1.0,0.07434233889858444,0.022799329031580565,3.469446951953614e-18
Y,700,0.0207669803226,0.9071046448,1.0,0.07488325333954898,0.02285927581294048,1.1449174941446927e-16
Y,699,0.02081208365752,0.9064084625,1.0,0.07558565657135005,0.0229259542194746,6.938893903907228e-18
Y,698,0.02075837319685,0.907325058,1.0,0.07465486459759554,0.02284442881194878,0.0
Y,697,0.020734496026300002,0.9075206757,1.0,0.07446969931171875,0.022813388319499105,1.1102230246251565e-16
Y,696,0.02082929206065,0.9073254394999999,1.0,0.07457807085188982,0.02292247753791528,0.0
Y,695,0.020917635183,0.9072811127,1.0,0.07453071251503843,0.023020802342430292,3.469446951953614e-18
Y,694,0.02085452176056,0.9067900084999999,1.0,0.07512826935539603,0.02296335899711597,3.469446951953614e-18
Y,693,0.020922370236719997,0.9071166992,1.0,0.07470286493686319,0.023030052653773243,3.469446951953614e-18
Y,692,0.02096878835425,0.9064983368,1.0,0.07531976619286164,0.023096387712262755,1.1796119636642288e-16
Y,691,0.02099022650485,0.9070387268000001,1.0,0.07471384309821923,0.023106678482752,3.469446951953614e-18
Y,690,0.0210284887622,0.9062734985,1.0,0.07549800581716266,0.023167714877285164,0.0
Y,689,0.021012644412050002,0.9066759491,1.0,0.0750809092951128,0.02314031529056056,6.938893903907228e-18
Y,688,0.021069652310200002,0.9068397521999999,1.0,0.07484283200566041,0.02319905095693156,3.469446951953614e-18
Y,687,0.02113723085268,0.9066869354000001,1.0,0.07493482320848181,0.023277266493387162,1.0408340855860843e-17
Y,686,0.02114840832324,0.9068572235000001,1.0,0.0747391543749192,0.02328534658330699,1.214306433183765e-16
Y,685,0.0211784704653,0.9070236206,1.0,0.0745273804167971,0.02331431277781324,1.1449174941446927e-16
Y,684,0.02117264656115,0.9061898804,1.0,0.07543283667181575,0.02332864588886776,1.1449174941446927e-16
Y,683,0.02123270281095,0.9066368103000001,1.0,0.07488602103760898,0.023383672490052163,3.469446951953614e-18
Y,682,0.02124365081585,0.9061598969000001,1.0,0.07538865275151257,0.023407642548366445,3.469446951953614e-18
Y,681,0.02129622020805,0.906265564,1.0,0.07521799601750138,0.023462930108508268,1.1796119636642288e-16
Y,680,0.021287032427799998,0.9060636139,1.0,0.07544577808586127,0.023457862015656406,1.1449174941446927e-16
Y,679,0.021349351825,0.9060692596,1.0,0.07537251290747966,0.023526406366507,6.938893903907228e-18
Y,678,0.021440921247150004,0.9057791901000001,1.0,0.0755868007275955,0.023634648410099653,0.0
Y,677,0.02142277579035,0.9058501434,1.0,0.07552979483517602,0.02361285414470143,3.469446951953614e-18
Y,676,0.02148408158784,0.9058975220000001,1.0,0.0754125863333502,0.023679240941504313,1.1102230246251565e-16
Y,675,0.021530938168799998,0.9060632324,1.0,0.07518330902687555,0.023726696157067004,3.469446951953614e-18
Y,674,0.0214759050392,0.9062765503,1.0,0.07501252012340459,0.023660652270700678,1.1449174941446927e-16
Y,673,0.02155157316735,0.9056198120000001,1.0,0.07563950445958306,0.023760685692028532,1.0408340855860843e-17
Y,672,0.0216249077808,0.906302948,1.0,0.07482351929792651,0.02382416991033482,3.469446951953614e-18
Y,671,0.02160625966284,0.9056182861000001,1.0,0.07558219288713784,0.023821026885528198,0.0
Y,670,0.0216745063029,0.9059749603,1.0,0.07512381401551949,0.02388718364724507,1.1102230246251565e-16
Y,669,0.02173090261872,0.9054004669,1.0,0.07568288428634257,0.0239640439860914,3.469446951953614e-18
Y,668,0.021779811142850002,0.9056327057,1.0,0.07537954833713605,0.02401203186862769,6.938893903907228e-18
Y,667,0.021815395118900002,0.9059076691,1.0,0.07504457936921936,0.024044209636980438,1.1449174941446927e-16
Y,666,0.021853180413239998,0.9056004333,1.0,0.07533528642484003,0.024093765249431645,1.1449174941446927e-16
Y,665,0.021832620131049998,0.9055215454000001,1.0,0.07544256467701436,0.024073120889893322,0.0
Y,664,0.021882418824840003,0.9054827118,1.0,0.07543078655931802,0.024129040309966467,3.469446951953614e-18
Y,663,0.021946993304640002,0.9051983643,1.0,0.07566802024785116,0.024207607834263324,3.469446951953614e-18
Y,662,0.021988406997199998,0.9053471375,1.0,0.07546282416155077,0.024249441682442644,0.0
Y,661,0.022069424350100002,0.9056160736,1.0,0.07508536783153104,0.02433181652005041,1.1449174941446927e-16
Y,660,0.0220602175952,0.9052493286000001,1.0,0.07549095481548082,0.024331192316419708,0.0
Y,659,0.0220683473422,0.9055321503,1.0,0.07517705504751042,0.02433280950294132,3.469446951953614e-18
Y,658,0.02210555967816,0.9054179381999999,1.0,0.0752601603435611,0.024376820752745977,1.249000902703301e-16
Y,657,0.02219619371976,0.9053141785,1.0,0.07527441737963443,0.02447949780680105,1.1102230246251565e-16
Y,656,0.022227680513,0.9050020598999999,1.0,0.07557725497949219,0.02452240447982115,1.0408340855860843e-17
Y,655,0.022218018276949997,0.9053058624000001,1.0,0.07525986725899383,0.024503789450582174,1.1102230246251565e-16
Y,654,0.022274520884250002,0.9052707672,1.0,0.07523683284201518,0.024567037229345237,3.469446951953614e-18
Y,653,0.0223164625322,0.9046031952,1.0,0.07591204071080665,0.02463086491780962,3.469446951953614e-18
Y,652,0.0223499589087,0.9050698853,1.0,0.07537225211905034,0.024655544703003535,1.3877787807814457e-17
Y,651,0.0224067248328,0.9050495911,1.0,0.07533296226883571,0.02471871394159454,1.3530843112619095e-16
Y,650,0.02234681827882,0.9044164276,1.0,0.07608094109841675,0.02466929845110762,0.0
Y,649,0.0224564498782,0.9045253754,1.0,0.07584508234146489,0.024787459993968048,0.0
Y,648,0.022493163049899997,0.9046400452000001,1.0,0.07568172180391673,0.02482494928839072,2.42861286636753e-17
Y,647,0.02257151649936,0.9050499725000001,1.0,0.07515494628295454,0.024900533045158484,3.469446951953614e-18
Y,646,0.0225488851792,0.9045550537,1.0,0.07571337278531944,0.024888719839521248,0.0
Y,645,0.022573540125,0.9044412994,1.0,0.07580957186034348,0.024918967502097177,0.0
Y,644,0.02261040351108,0.9042640686,1.0,0.07596114126761327,0.02496439725006436,6.938893903907228e-18
Y,643,0.02265361592405,0.9046111297999999,1.0,0.07553993677395872,0.02500284160040885,3.469446951953614e-18
Y,642,0.02267972450904,0.9043783569,1.0,0.07576301097768637,0.025037891031517465,3.469446951953614e-18
Y,641,0.022741041002050003,0.9046307373000001,1.0,0.07542453351580108,0.025098825244653594,1.0408340855860843e-17
Y,640,0.02278735472975,0.9041852570000001,1.0,0.07585538709517063,0.02516192787971377,3.469446951953614e-18
Y,639,0.0227665025247,0.9041027832,1.0,0.07596691038678118,0.025141114807235666,0.0
Y,638,0.022780736315259998,0.9045008086999999,1.0,0.07552194472375222,0.025146135817872048,6.938893903907228e-18
Y,637,0.02277932387108,0.9040562439,1.0,0.07600332739670428,0.025156527730037265,1.0408340855860843e-17
Y,636,0.022846711166200004,0.9041052246,1.0,0.07587777135848986,0.025229640573268958,1.1796119636642288e-16
Y,635,0.022846118549879998,0.9043689728,1.0,0.07559372989071181,0.025221874305232678,3.469446951953614e-18
Y,634,0.022923899923,0.9038204956,1.0,0.07610192473198142,0.025322604009853707,3.469446951953614e-18
Y,633,0.02294111875296,0.9037078094000001,1.0,0.07620503137463744,0.02534468196572049,0.0
Y,632,0.0229489432194,0.9039962769000001,1.0,0.07588513210519386,0.025345509214190952,0.0
Y,631,0.0230244626029,0.9036901855,1.0,0.07613415550284647,0.02543725514794097,1.1449174941446927e-16
Y,630,0.0230226027489,0.9041062164,1.0,0.0756870307652322,0.025423888554721826,0.0
Y,629,0.0229977059991,0.9038373566,1.0,0.0760041107936267,0.025403690831803046,3.469446951953614e-18
Y,628,0.02308103875065,0.903470459,1.0,0.07631040378529641,0.025505765013687745,3.469446951953614e-18
Y,627,0.023170956275069998,0.9034979248,1.0,0.0761837366626586,0.025604396081233285,3.469446951953614e-18
Y,626,0.023129411601,0.9034864043999999,1.0,0.07624099572165599,0.025558794201111443,0.0
Y,625,0.023198269499039997,0.9035749054,1.0,0.07607114988806338,0.025632473378657497,0.0
Y,624,0.02322526451532,0.9037147522,1.0,0.07589104967884781,0.025658469396883488,1.1449174941446927e-16
Y,623,0.02332674039168,0.9032885742000001,1.0,0.07624175380522771,0.025782347660154584,1.1449174941446927e-16
Y,622,0.023386044871079998,0.9034120941,1.0,0.07604440056019651,0.025844493538159537,0.0
Y,621,0.023418064637640002,0.9031053925000001,1.0,0.07634105901045234,0.025888378438462006,1.3877787807814457e-17
Y,620,0.023507401315799998,0.9029994202,1.0,0.07635912476645232,0.025990105523539468,2.42861286636753e-17
Y,619,0.0235113272668,0.9037667084000001,1.0,0.07552651802231411,0.025973122495818343,3.469446951953614e-18
Y,618,0.0235754682546,0.9030989838000001,1.0,0.07617816417168531,0.026062600357826624,3.469446951953614e-18
Y,617,0.02368590367884,0.9027536010999999,1.0,0.0764320309506218,0.026194389633795973,3.469446951953614e-18
Y,616,0.0236907147174,0.9030403137,1.0,0.07611719716460641,0.026191675132956484,3.469446951953614e-18
Y,615,0.02378811332832,0.9025289153999999,1.0,0.07656444552210176,0.026313773877403135,0.0
Y,614,0.023816898701949998,0.90276474,1.0,0.07627866106631803,0.02633897409306095,0.0
Y,613,0.023861995455099996,0.902802887,1.0,0.076188812528054,0.0263877796294911,3.469446951953614e-18
Y,612,0.02391007177555,0.9024610138,1.0,0.0765061848092693,0.02645063159742059,3.469446951953614e-18
Y,611,0.02394927583025,0.9026445006999999,1.0,0.07626569806962509,0.026488808176918857,0.0
Y,610,0.024020985658080002,0.9020436859000001,1.0,0.0768373638901569,0.02658523064838504,0.0
Y,609,0.024042052734650002,0.9027605438,1.0,0.07604030453197966,0.026588142829203635,0.0
Y,608,0.0240867628109,0.9023904419000001,1.0,0.07639175265900026,0.02664815135765123,1.1449174941446927e-16
Y,607,0.024110136733999997,0.902346344,1.0,0.07641416307822903,0.026675275492928936,3.469446951953614e-18
Y,606,0.024153222745440003,0.9020737457,1.0,0.07666214816894627,0.026730755176868504,3.469446951953614e-18
Y,605,0.024237069510849998,0.9023532867,1.0,0.07626970866830064,0.026815544016338774,1.1449174941446927e-16
Y,604,0.024225471512249998,0.9026038361000001,1.0,0.07601166456876728,0.026795522844807476,0.0
Y,603,0.024209522776650002,0.9020146941999999,1.0,0.07666518354328712,0.02679477074999492,0.0
Y,602,0.0242708766557,0.9025511169000001,1.0,0.0760196112922281,0.02684727057307621,3.469446951953614e-18
Y,601,0.0243565984529,0.9019746399,1.0,0.07654972541648447,0.026958743713721114,1.0408340855860843e-17
Y,600,0.0243914926482,0.902275238,1.0,0.07618739815153865,0.026988687585291465,0.0
Y,599,0.02440347513576,0.9023034668,1.0,0.07614398789621617,0.027001132952879398,0.0
Y,598,0.02437420777385,0.9020913695999999,1.0,0.07640462923642999,0.026974867164670693,3.469446951953614e-18
Y,597,0.02443872917328,0.9017496490000001,1.0,0.07670416063416816,0.027056186371971526,0.0
Y,596,0.0245320267542,0.9018624115,1.0,0.07648164732521583,0.02715621998169844,6.938893903907228e-18
Y,595,0.024449683747600003,0.9018117523,1.0,0.07662523913704586,0.027066516819222838,0.0
Y,594,0.02454498000195,0.9020569611,1.0,0.0762575361571693,0.027164902830456868,3.469446951953614e-18
Y,593,0.02458319243965,0.9017424011,1.0,0.07655607504840675,0.02721636884558176,1.1449174941446927e-16
Y,592,0.0245855409879,0.9018276978,1.0,0.07646139789542847,0.027216483481250085,3.469446951953614e-18
Y,591,0.02467624394868,0.9019586182,1.0,0.07622212696221596,0.02731308609529851,1.0408340855860843e-17
Y,590,0.024654528825350002,0.9013046265,1.0,0.07695210213370775,0.027308165142340482,6.938893903907228e-18
Y,589,0.024685023126260003,0.9013716888000001,1.0,0.07684670786432438,0.027339985136333116,0.0
Y,588,0.0247090553328,0.9016609955,1.0,0.07650818801653511,0.027358129494729128,6.938893903907228e-18
Y,587,0.02474974204695,0.9015525818000001,1.0,0.07658139899578578,0.027406370378840864,3.469446951953614e-18
Y,586,0.024846822105839998,0.9010836028999999,1.0,0.0769833688971407,0.02752772117117971,3.469446951953614e-18
Y,585,0.02485733374515,0.9012226105000001,1.0,0.07682179534992854,0.027535268666967015,1.1102230246251565e-16
Y,584,0.024914112383720002,0.9009996033000001,1.0,0.07700150395274546,0.027604773226983157,1.0408340855860843e-17
Y,583,0.0249115186492,0.9012368010999999,1.0,0.07674797128011115,0.027594885255587485,3.469446951953614e-18
Y,582,0.02501339661192,0.9002470398,1.0,0.07770793986912329,0.02773716798857103,3.469446951953614e-18
Y,581,0.02500813914624,0.9009606934,1.0,0.0769420405135453,0.02771013388222752,3.469446951953614e-18
Y,580,0.024991155207190002,0.9007894135,1.0,0.07714550787484513,0.027696393402513692,1.1796119636642288e-16
Y,579,0.0251297354178,0.9010164641999999,1.0,0.07675050595198137,0.027843235434822894,3.469446951953614e-18
Y,578,0.025157828024170003,0.9001239777000001,1.0,0.07768499293491096,0.027901045099338283,0.0
Y,577,0.025135398773449998,0.8998059082000001,1.0,0.07805330643241205,0.027885673297676498,0.0
Y,576,0.02521666894716,0.9002450562,1.0,0.07749048490030816,0.027962687350496236,1.1102230246251565e-16
Y,575,0.02518245500256,0.9002790833000001,1.0,0.077490647935103,0.027923720089985792,1.249000902703301e-16
Y,574,0.025269298294319998,0.8997074890000001,1.0,0.07801507353797273,0.028037217961329006,1.1102230246251565e-16
Y,573,0.02534791700129,0.8993075562,1.0,0.07836286491190121,0.028136536391310807,1.1449174941446927e-16
Y,572,0.02531007337165,0.8994480133,1.0,0.07825176749096716,0.02809028673630783,3.469446951953614e-18
Y,571,0.025430173648559998,0.8996802520999999,1.0,0.07787068233784157,0.02821658185058381,0.0
Y,570,0.0254159333221,0.8989466095,1.0,0.0786800372963792,0.02822298122063031,0.0
Y,569,0.0253820038914,0.8991220093,1.0,0.0785268451629415,0.028179991413879175,0.0
Y,568,0.02541873734155,0.8989344788,1.0,0.07869013826663133,0.028226463097056172,3.469446951953614e-18
Y,567,0.0254437813423,0.8989614105,1.0,0.0786338967696082,0.028253463564204946,0.0
Y,566,0.02551135767275,0.8981144714,1.0,0.07947808344248149,0.028354285187017356,0.0
Y,565,0.02551082154685,0.8987572479000001,1.0,0.07878243708526772,0.028334131884009184,0.0
Y,564,0.0254819718636,0.8981623077,1.0,0.07945805656243356,0.028320162221461734,3.469446951953614e-18
Y,563,0.02554624183545,0.8982615662000001,1.0,0.07928096416098197,0.028388582356937208,0.0
Y,562,0.02560032472215,0.8978523253999999,1.0,0.07966585429329033,0.02846120112455208,1.1102230246251565e-16
Y,561,0.02559089464272,0.8988778687,1.0,0.07856524876999503,0.028419409237047943,1.1102230246251565e-16
Y,560,0.025575389670319998,0.8978821564,1.0,0.07966051821697022,0.028432561945819546,1.1449174941446927e-16
Y,559,0.0255946360385,0.8974974059999999,1.0,0.0800567313307597,0.02846572443329094,3.469446951953614e-18
Y,558,0.025648251593600003,0.8972406006,1.0,0.08027711439182472,0.028533239723090686,6.938893903907228e-18
Y,557,0.02562545412375,0.8971320342999999,1.0,0.08041954937363618,0.028511197359031435,0.0
Y,556,0.0256921408645,0.8964496613,1.0,0.0810876133520917,0.028606383823065233,1.1796119636642288e-16
Y,555,0.0256297669015,0.896884613,1.0,0.08068325811927837,0.028523579700230013,0.0
Y,554,0.025647423674,0.8969299316,1.0,0.0806149629318535,0.028541844767951026,6.938893903907228e-18
Y,553,0.025577520148,0.8961061096,1.0,0.08158484938625747,0.02848925194387122,1.1796119636642288e-16
Y,552,0.02551855333008,0.8965466309,1.0,0.08117055248185333,0.028410097877088383,1.1102230246251565e-16
Y,551,0.0254986992728,0.8951195526,1.0,0.08274225934939909,0.028431593167277825,1.1796119636642288e-16
Y,550,0.02548353200796,0.8953597259999999,1.0,0.08249766255524599,0.028407335267355185,0.0
Y,549,0.02539917735168,0.8954361725,1.0,0.08250614788457766,0.02831095125293563,3.469446951953614e-18
Y,548,0.025294335775049998,0.8950508881,1.0,0.08303884719454853,0.028205753181848748,1.1449174941446927e-16
Y,547,0.02524544019996,0.8939441681,1.0,0.0842962331487428,0.028184777446921754,1.1796119636642288e-16
Y,546,0.025036228606,0.8939942168999999,1.0,0.08446926142884817,0.02794964603120899,1.1102230246251565e-16
Y,545,0.0250277252472,0.893850708,1.0,0.084634804368475,0.027944469717422003,6.938893903907228e-18
Y,544,0.0247344599116,0.8935684204000001,1.0,0.08526147469136267,0.02762535098939782,0.0
Y,543,0.024622062005199997,0.8928271484,1.0,0.0861921304863674,0.027521762971202488,6.938893903907228e-18
Y,542,0.02429016545298,0.8924935913,1.0,0.08691784551386188,0.02716046189171556,1.1102230246251565e-16
Y,541,0.0240474211676,0.8922294617,1.0,0.08747098154825092,0.026896633375213128,1.1102230246251565e-16
Y,540,0.023728270887849998,0.891845932,1.0,0.08823831744782834,0.026550573698068854,1.1449174941446927e-16
Y,539,0.023329127831849997,0.891884613,1.0,0.08863181753870472,0.026102775075394494,2.2898349882893854e-16
Y,538,0.022904907571950003,0.8908939361999999,1.0,0.0901795863844114,0.025655434016565067,3.469446951953614e-18
Y,537,0.02241190537977,0.8903440857,1.0,0.09132160576867315,0.025118031325227178,3.469446951953614e-18
Y,536,0.02176898212342,0.8895085907000001,1.0,0.0929428944054956,0.024419376354568683,1.3183898417423734e-16
Y,535,0.021143408396600002,0.8885251617000001,1.0,0.09471045011696481,0.02374274340370338,1.0408340855860843e-17
Y,534,0.020416109303160002,0.8869773102,1.0,0.0972153366999095,0.022964324769160917,1.1102230246251565e-16
Y,533,0.01968519343476,0.8864409637,1.0,0.09861264552078747,0.022154920357069483,6.938893903907228e-18
Y,532,0.01876470830568,0.884817276,1.0,0.10142470720812255,0.021155997783442758,6.938893903907228e-18
Y,531,0.01778706638685,0.8834236907999999,1.0,0.10405237962497998,0.020083972722994635,1.700029006457271e-16
Y,530,0.016712255199240002,0.8812455749999999,1.0,0.10766872314921505,0.018914931971995858,3.469446951953614e-18
Y,529,0.01563334761425,0.8804624939,1.0,0.10974345965066779,0.017708780292360622,3.469446951953614e-18
Y,528,0.014467696551,0.8776744843000001,1.0,0.11416548174322663,0.016438095832460118,8.673617379884035e-18
Y,527,0.01323027242068,0.8760148621,1.0,0.11741695427280469,0.015059277729357598,1.734723475976807e-18
Y,526,0.012065083638839999,0.8730217743,1.0,0.12210374477121963,0.013777910212811877,1.734723475976807e-18
Y,525,0.01085405180052,0.8702929688000001,1.0,0.12656399401156707,0.01243197327199856,5.204170427930421e-18
Y,524,0.009652836225942,0.8674166870000001,1.0,0.13120085346696506,0.011091020799100796,1.1275702593849246e-16
Y,523,0.008608579704505001,0.8629713440000001,1.0,0.1374790416928241,0.009939633589611674,5.204170427930421e-18
Y,522,0.007654874074109999,0.8585134888,1.0,0.14370657001811465,0.008882038164543537,1.474514954580286e-17
Y,521,0.0067702697833820005,0.8533460236,1.0,0.1507176126523504,0.00790070263867781,1.3010426069826053e-16
Y,520,0.0060155862722550005,0.847743988,1.0,0.158135124756304,0.007063879344268907,1.240327285323417e-16
Y,519,0.005420110330632,0.8409923553,1.0,0.16677825397092852,0.006412835427919488,2.3765711620882257e-16
Y,518,0.0049912648411299994,0.8337876892,1.0,0.17583879119956025,0.005953443020448691,1.1709383462843448e-16
Y,517,0.004687211708592,0.8247636414,1.0,0.1870243973171981,0.005648116584937935,4.683753385137379e-17
Y,516,0.0044376458322,0.8148133850000001,1.0,0.19940063655523205,0.005408347946645756,2.42861286636753e-17
Y,515,0.004272563553228,0.8032644653,1.0,0.21380665426444434,0.005276711503208543,1.6046192152785466e-16
Y,514,0.00415749696504,0.7901615142999999,1.0,0.2303163224202515,0.005213268235975403,1.6566609195578508e-16
Y,513,0.004097668647071,0.7748600005999999,1.0,0.24985315973888028,0.005231376199933678,2.6020852139652106e-18
Y,512,0.00406884597312,0.7583455658,1.0,0.27133024640946024,0.005297625593591416,1.6479873021779667e-17
Y,511,0.004103453515008,0.7388366699,1.0,0.2972206926017198,0.005470053405115854,1.4137996329210978e-16
Y,510,0.004085305853184,0.7159342957,1.0,0.3285781427903223,0.0056014461385302345,1.3617579286417936e-16
Y,509,0.004042269494964,0.6914807892,1.0,0.3632175596310296,0.005715309179026734,3.382710778154774e-16
Y,508,0.0040973041091149996,0.6638995361000001,1.0,0.40363607284177333,0.00600232636510523,3.380976054678797e-15
Y,507,0.004102132615824,0.6330960846,1.0,0.4508886253917867,0.006259218135402012,2.1327557775396855e-14
Y,506,0.004063488659,0.599526329,1.0,0.5051398225627529,0.006490963395733452,5.022024462952857e-16
Y,505,0.00414596091954,0.5622822571,1.0,0.5687871724796946,0.006981335983640456,4.336808689942018e-18
Y,504,0.00414165093176,0.5229255676,1.0,0.6409432519553364,0.007391416245128716,2.8406096919120216e-15
Y,503,0.004115408388468,0.4814738846,1.0,0.7230917754450849,0.007831419141601449,1.1031106583736516e-14
Y,502,0.004134423687804,0.4374607086,1.0,0.8183360808583733,0.008454392670800498,1.1271365785159304e-14
Y,501,0.004183910482656,0.3923017883,1.0,0.9264946860499352,0.00925425365019371,9.433773207057072e-14
Y,500,0.004181757924085,0.3465761948,1.0,1.0496082655354673,0.010072316035216118,7.37257477290143e-17
Y,499,0.004162994868701,0.3007451057,1.0,1.1905250168372357,0.010998466705831803,3.5041414214731503e-16
Y,498,0.004163772272004,0.2565908813,1.0,1.3481816655658754,0.012126188705778215,3.040970253387343e-15
Y,497,0.00418141057146,0.2139747238,1.0,1.528424844475501,0.013513432737334194,2.203098814490545e-15
Y,496,0.004190300444484,0.1741853333,1.0,1.7325779300138318,0.01510464798030435,9.454242944073599e-17
Y,495,0.004232633515845,0.1391722679,1.0,1.9550742221720814,0.017023762978904202,3.5735303605122226e-16
Y,494,0.0042354997339080006,0.10774289129999999,1.0,2.2089758880086765,0.01909531598408978,1.1064066329780076e-14
Y,493,0.0042724851889440005,0.08123560904999999,1.0,2.4888820368092315,0.02159405364761965,3.0878077872387166e-16
Y,492,0.004263412843068,0.05932286263,1.0,2.800674089763255,0.024171592075666423,4.0115480381963664e-15
Y,491,0.004288164403212,0.04161983013000001,1.0,3.1519641074258438,0.02731333894554269,0.0
Y,490,0.004296128679167999,0.02810261488,1.0,3.5412909527781555,0.030715287611764036,3.469446951953614e-18
Y,489,0.0043180832004,0.01814068317,1.0,3.975089705555937,0.034639441554360946,6.938893903907228e-18
Y,488,0.004296415415785,0.010881963969999998,1.0,4.481946689874337,0.03885032739247804,1.6757428777935957e-14
Y,487,0.004332682951663999,0.005982594490000001,1.0,5.074714965549685,0.04435940749461554,2.065188298150389e-15
Y,486,0.00433507678308,0.002678496838,1.0,5.871353187540564,0.05135015085666005,6.7914424084492e-16
Y,485,0.004329362783868,0.0005228529498,1.0,7.49104658591637,0.06542823325860532,4.694074989819441e-14
Y,484,0.004357724404776,0.0,1.0,157.1876179196669,1.3819789609124458,1.3699549135929845e-69
Y,483,0.004394226024924,0.0,1.0,157.80469895963907,1.3991281849351491,7.26637934802538e-70
Y,482,0.00440522112244,0.0,1.0,159.25253054532436,1.415529191183977,1.6805364971975824e-70
Y,481,0.0043700215247520005,0.0,1.0,158.47595477581987,1.3972722024225765,3.720345512479473e-70
Y,480,0.0044564237906,0.0,1.0,155.22858583867813,1.3959428284635844,9.583508937959155e-69
Y,479,0.004421453344485,0.0,1.0,158.03894256710717,1.4099642408177735,5.687462798460601e-70
Y,478,0.004454565925495,0.0,1.0,154.4591196758548,1.388438896968339,2.0842160722481286e-68
Y,477,0.004452711542384,0.0,1.0,154.44412636050748,1.3877210171337524,2.1172080019855595e-68
Y,476,0.004536380531292,0.0,1.0,151.51336362768268,1.387201749122083,3.9705639989834496e-67
Y,475,0.00449591977728,0.0,1.0,157.19099004546024,1.4262317804050255,1.3067479905892566e-69
Y,474,0.00451865808346,0.0,1.0,152.93845701052206,1.3947293219738481,9.477133314435012e-68
Y,473,0.004516431713249999,0.0,1.0,153.25038216595473,1.3968790965091862,6.922753338754794e-68
Y,472,0.004575683942268,0.0,1.0,153.50430277285858,1.4177187295728133,5.260525448363413e-68
Y,471,0.0045847140957,0.0,1.0,156.18811506095818,1.445378619577923,3.4955242483315574e-69
Y,470,0.004561756799,0.0,1.0,151.71842214217128,1.3969208444013725,3.203390715260854e-67
Y,469,0.00458269618794,0.0,1.0,152.03478388259896,1.4063183745352268,2.312947538856098e-67
Y,468,0.004604988656485,0.0,1.0,151.70201743219667,1.4101294964590143,3.214033614823456e-67
Y,467,0.004647477106685,0.0,1.0,154.04138370449985,1.4452095499491135,2.9918384006245947e-68
Y,466,0.004667365283112,0.0,1.0,154.97482982243997,1.4602474873256643,1.1589364576696093e-68
Y,465,0.00471184258308,0.0,1.0,153.5563871434393,1.4608007420664644,4.784872120762163e-68
Y,464,0.004680849832545,0.0,1.0,153.18225528465027,1.4475662316114692,7.047822732745697e-68
Y,463,0.004759747442424,0.0,1.0,152.8141087951762,1.4686607628306068,9.97402849896744e-68
Y,462,0.004737490324955,0.0,1.0,153.67676216725235,1.4699793821323202,4.203789343805044e-68
Y,461,0.004797837184405,0.0,1.0,153.93450888480402,1.4913819060305897,3.18046661663598e-68
Y,460,0.0047267597082840005,0.0,1.0,152.172147662626,1.4522588632094755,1.926368917414817e-67
Y,459,0.004835660222820001,0.0,1.0,155.2771166889874,1.516364542702346,8.102716896173867e-69
Y,458,0.004812364045105,0.0,1.0,154.14751566330878,1.4980111821320248,2.553449765705491e-68
Y,457,0.004852876428432,0.0,1.0,151.9129661718655,1.4888450041600994,2.4075067892189207e-67
Y,456,0.004860771246336,0.0,1.0,153.93589772525002,1.5111493696202645,3.1144761026618686e-68
Y,455,0.004884901836336,0.0,1.0,154.57180220321723,1.524998708918972,1.6264683664612378e-68
Y,454,0.004881713746135,0.0,1.0,154.6171590482245,1.5244408600848698,1.5552004868562236e-68
Y,453,0.004840740487152,0.0,1.0,154.7535940871982,1.5128552053622177,1.3725041765704283e-68
Y,452,0.004941170910425,0.0,1.0,160.0586130154569,1.5975019825586003,6.266987141236782e-71
Y,451,0.0049703960291639995,0.0,1.0,159.07329184654077,1.5971520149668155,1.6793829276415942e-70
Y,450,0.004918814199108,0.0,1.0,153.92811779662185,1.5292952605133703,3.0829020909380583e-68
Y,449,0.00500048109032,0.0,1.0,152.74032450399463,1.5429425378038593,9.976274576008589e-68
Y,448,0.005012815274748001,0.0,1.0,159.71632287051239,1.6174319779300097,8.652683579440913e-71
Y,447,0.0050148034501079995,0.0,1.0,160.40126862473605,1.6250191070585103,4.329178813806521e-71
Y,446,0.00510870974374,0.0,1.0,159.8014370708116,1.6495696099558954,7.697810939685862e-71
Y,445,0.0051014787336,0.0,1.0,160.39722922443346,1.6533521607773733,4.2264767773186465e-71
Y,444,0.005059057409364,0.0,1.0,160.7206803734092,1.642769987964511,3.0906348240762105e-71
Y,443,0.005120456928948,0.0,1.0,161.76650005381796,1.673733468667874,1.0532200027385085e-71
Y,442,0.005150053961364,0.0,1.0,161.1428367583783,1.6770175921420312,1.958732263706731e-71
Y,441,0.005230265188360001,0.0,1.0,159.73760859312827,1.688557118404969,7.894609118778127e-71
Y,440,0.005160030728345,0.0,1.0,156.47263356355344,1.6316019845199001,2.1869947882236744e-69
Y,439,0.005207226605352,0.0,1.0,156.09417032561,1.6426986999512114,3.1582850665550145e-69
Y,438,0.005265215173295,0.0,1.0,159.63789388298855,1.6988987595593161,8.633640898235052e-71
Y,437,0.0052391935370999995,0.0,1.0,156.2997142286364,1.6550658962181217,2.54018027457988e-69
Y,436,0.005331373851036,0.0,1.0,154.40477773504793,1.6640755073467288,1.6749385296637258e-68
Y,435,0.005331911708964,0.0,1.0,154.23348776718973,1.6623989466888724,1.991194966984504e-68
Y,434,0.00530368026239,0.0,1.0,159.00207235472217,1.70462593807426,1.6213690392375283e-70
Y,433,0.005325766730679,0.0,1.0,154.6664015175644,1.6651232377888063,1.2880136970621887e-68
Y,432,0.005433844707492,0.0,1.0,155.99293008965168,1.7138577847433578,3.2571964872161087e-69
Y,431,0.005475864715439999,0.0,1.0,153.83296085733267,1.7033404133735521,2.8541735568978624e-68
Y,430,0.005482948293335999,0.0,1.0,154.4815742189391,1.7127594198973521,1.4781829439680303e-68
Y,429,0.00546063701499,0.0,1.0,152.68490936718578,1.6858753719893702,9.153878954220181e-68
Y,428,0.005570989594812,0.0,1.0,151.25265799440578,1.7041891163326355,3.765260705301793e-67
Y,427,0.005593111824516,0.0,1.0,150.94438505950617,1.7075452155471644,5.1079092077629525e-67
Y,426,0.00554171865556,0.0,1.0,153.89718554054312,1.7247732556510238,2.620473494172489e-68
Y,425,0.005630160505632,0.0,1.0,157.90993322711012,1.7983090723638544,4.4052952339954514e-70
Y,424,0.005609355611424,0.0,1.0,154.67034991532864,1.7548337478821143,1.1739976052113053e-68
Y,423,0.005561673846456,0.0,1.0,153.8816325788013,1.7308785264827986,2.6455285294552975e-68
Y,422,0.005652170533944,0.0,1.0,155.8471086490047,1.781834410191383,3.5235451998032753e-69
Y,421,0.005675158554305,0.0,1.0,153.87508424175056,1.7665247218189797,2.570680011876651e-68
Y,420,0.005870148643610001,0.0,1.0,154.53959603309227,1.8358307384742145,1.2350379422889117e-68
Y,419,0.005724627606683999,0.0,1.0,153.14328947445728,1.7736251685037134,5.3068171690052245e-68
Y,418,0.005790176626725,0.0,1.0,154.49293298944445,1.809982291771116,1.3275267609423738e-68
Y,417,0.00578880784074,0.0,1.0,155.16553923085084,1.8174275554546482,6.725403060299749e-69
Y,416,0.005753686187555999,0.0,1.0,44.7907315094595,0.5214063827292043,2.1012467750065267e-20
Y,415,0.005891441359932001,0.0,1.0,158.013714788356,1.8839905172108442,3.6484992329539244e-70
Y,414,0.00593222014054,0.0,1.0,159.3709040486132,1.9134816243039687,9.120019406916056e-71
Y,413,0.005938633947468,0.0,1.0,161.00164606504575,1.9351760374858489,1.7474831175456728e-71
Y,412,0.005866299168588,0.0,1.0,154.5830449053425,1.8351284474527998,1.183343574427204e-68
Y,411,0.005764069340148,0.0,1.0,154.53165992679075,1.8021782909326125,1.2869856279487973e-68
Y,410,0.005856313769592,0.0,1.0,154.19853104301066,1.8274110728117496,1.7515687297646055e-68
Y,409,0.005878251965388001,0.0,1.0,155.22834464095325,1.8465882593420486,6.13652531839205e-69
Y,408,0.00589813840355,0.0,1.0,160.3304585583348,1.9138117451123295,3.4921739026546e-71
Y,407,0.005810378837395,0.0,1.0,155.9386785531394,1.8333688351015793,3.0554987454237405e-69
Y,406,0.005936091676585,0.0,1.0,159.7179753982569,1.9189151844661763,6.4109446957366e-71
Y,405,0.005776888085178,0.0,1.0,153.1346008410041,1.7899033108402025,5.2676738470761804e-68
Y,404,0.005891267020821001,0.0,1.0,155.1819543902388,1.8501721627668108,6.405199063132573e-69
Y,403,0.00573239912847,0.0,1.0,155.15927629401526,1.7994408969148825,6.889072621034668e-69
Y,402,0.005788385685888,0.0,1.0,155.16910360854632,1.8173352202304789,6.702083974590912e-69
Y,401,0.00584903673326,0.0,1.0,155.22637223998208,1.8372792788013435,6.205475205312297e-69
Y,400,0.005892762216739999,0.0,1.0,155.18992605934704,1.8507423684310234,6.350758459819861e-69
Y,399,0.005808379652236,0.0,1.0,154.52529209687066,1.816119274306498,1.2774806865405438e-68
Y,398,0.005800925955315001,0.0,1.0,154.4874618579766,1.8133174758688997,1.3304167763911123e-68
Y,397,0.005920296313584,0.0,1.0,154.23959018507048,1.8481060492762282,1.6470674014955983e-68
Y,396,0.005834967936574001,0.0,1.0,154.51065355148225,1.8243574393654995,1.2858067630107505e-68
Y,395,0.005743148094096,0.0,1.0,153.8406655391029,1.787532619758214,2.6060124209959773e-68
Y,394,0.005773200109175,0.0,1.0,153.5444510986806,1.7935347757928537,3.4837926903990597e-68
Y,393,0.005928992080945,0.0,1.0,159.65349420218698,1.9158190104384376,6.858934521631001e-71
Y,392,0.005844349100472001,0.0,1.0,153.81240554920777,1.8190671825133742,2.598438528167662e-68
Y,391,0.005894627626837,0.0,1.0,155.86991707549953,1.8594471260413472,3.1897202473941454e-69
Y,390,0.00590032729644,0.0,1.0,44.82361508599309,0.5352456138786986,2.0056425231515496e-20
Y,389,0.005851394703515001,0.0,1.0,153.17105223764415,1.8136917211883479,4.9610665679815765e-68
Y,388,0.005939048323308001,0.0,1.0,161.00721317197838,1.935379599509785,1.7374314963831006e-71
Y,387,0.005916421480164,0.0,1.0,154.5379965191966,1.8504552167865027,1.2192643144946046e-68
Y,386,0.005903461239324,0.0,1.0,154.66701153597486,1.847894967116011,1.0743909526533694e-68
Y,385,0.0059812315896,0.0,1.0,160.72907005796097,1.9459240110399518,2.270842209242437e-71
Y,384,0.006164523031392,0.0,1.0,152.47494539242595,1.9032637247154218,9.109081814587001e-68
Y,383,0.006090182862288001,0.0,1.0,155.94461690210588,1.922811698640246,2.7804589379816324e-69
Y,382,0.0058023688677840005,0.0,1.0,155.94798567371507,1.830921191868904,3.034523962883305e-69
Y,381,0.006163067965032,0.0,1.0,153.82318556397328,1.9196342529461898,2.3274176748653877e-68
Y,380,0.006149191042499999,0.0,1.0,153.64138948442647,1.9129949191755178,2.8098398194012075e-68
Y,379,0.0061520098182600005,0.0,1.0,152.1044038282829,1.8947367390199927,1.3306655816381658e-67
Y,378,0.0061336080698640005,0.0,1.0,153.34071795169086,1.9043531984730753,3.828059847920656e-68
Y,377,0.00613026159552,0.0,1.0,153.2994253455595,1.9027888393056809,3.995621558664085e-68
Y,376,0.006307207975488,0.0,1.0,150.9889217353759,1.9288921780036188,3.92557744314805e-67
Y,375,0.006188809645045,0.0,1.0,152.47259271667406,1.910825994263017,9.062590885750804e-68
Y,374,0.0063756925191250004,0.0,1.0,151.19153862850263,1.9527220573154094,3.130991883112833e-67
Y,373,0.006434708818908,0.0,1.0,151.66687931959746,1.9772283207300179,1.8998502598305667e-67
Y,372,0.006459896826507,0.0,1.0,151.0178336323657,1.976573689718669,3.6383149166850884e-67
Y,371,0.00643182480828,0.0,1.0,150.97521514252483,1.967317770127415,3.831592035781761e-67
Y,370,0.006670555400880001,0.0,1.0,150.45505971480327,2.0342867490091887,6.033818688342855e-67
Y,369,0.006519316971132,0.0,1.0,151.74248480484738,2.004566322286184,1.714593462332927e-67
Y,368,0.006390660860339999,0.0,1.0,151.10626826950207,1.9562615421134792,3.397814333001881e-67
Y,367,0.006398119633428,0.0,1.0,152.6020356860527,1.977961662228848,7.451409982544546e-68
Y,366,0.00639766963764,0.0,1.0,151.020292444226,1.9573203436759112,3.6990269575529883e-67
Y,365,0.006857443474042,0.0,1.0,150.37771796979206,2.0909928034187995,6.164347531492021e-67
Y,364,0.006974904680735,0.0,1.0,150.31861882419074,2.126476567214737,6.314756272709884e-67
Y,363,0.00693857937496,0.0,1.0,150.96055900482463,2.1242803467821956,3.330269467043004e-67
Y,362,0.006741683690252001,0.0,1.0,150.2931511449394,2.054060060433409,6.957306463734352e-67
Y,361,0.006589003535842,0.0,1.0,152.50656899994348,2.0364809919160667,7.737752697499444e-68
Y,360,0.0064065438244399996,0.0,1.0,151.02670553639177,1.9601535828628427,3.665111935181595e-67
Y,359,0.007002140707980001,0.0,1.0,150.95789049117147,2.1439765117034555,3.274933690672075e-67
Y,358,0.007100701703688,0.0,1.0,150.28243308802408,2.1648563030249326,6.304309310825365e-67
Y,357,0.0070589973176700006,0.0,1.0,151.98491295542746,2.1763392863520368,1.1357144580142928e-67
Y,356,0.00721742428227,0.0,1.0,150.31106064164373,2.2013793022803214,5.9097142650248685e-67
Y,355,0.00759800021042,0.0,1.0,152.98164163229703,2.360442102411407,3.4958603005706034e-68
Y,354,0.007585855400615,0.0,1.0,151.62493726598765,2.3357120369727555,1.3912640947486474e-67
Y,353,0.006913366827588,0.0,1.0,151.04498161230035,2.1176375290716694,3.08075377286185e-67
Y,352,0.007624360838759,0.0,1.0,152.29887301738282,2.358185355201538,6.9354745141262396e-68
Y,351,0.007756699097003999,0.0,1.0,152.77063514737512,2.4071905692781717,4.122963874189467e-68
Y,350,0.007170729005231,0.0,1.0,150.35295062028885,2.1875405673387687,5.745086012443032e-67
Y,349,0.007583811851258,0.0,1.0,151.7043871808713,2.3362967586283667,1.2842537499205766e-67
Y,348,0.006998052396822,0.0,1.0,148.91325994724892,2.113685441360976,2.607556188675859e-66
Y,347,0.007373042416781999,0.0,1.0,150.94940197446422,2.259102799833541,2.9485058597951838e-67
Y,346,0.007962319007695,0.0,1.0,156.30627709697384,2.5292377276312203,1.0649541952526422e-69
Y,345,0.0072482910071,0.0,1.0,150.95193126397783,2.22035800108113,3.055530500209313e-67
Y,344,0.008313936617316,0.0,1.0,153.00380711900308,2.58696481723687,2.7358799611408557e-68
Y,343,0.0083442886413,0.0,1.0,154.25421921866587,2.6177883526810666,7.59992058033533e-69
Y,342,0.007689428258016,0.0,1.0,152.30006189625828,2.3786409342842565,6.789075341303431e-68
Y,341,0.007975552689912,0.0,1.0,156.9443404120629,2.5438511372932435,5.5455176318414986e-70
Y,340,0.006864509611307999,0.0,1.0,150.298714142283,2.092077526353533,6.664024128953437e-67
Y,339,0.00750320391372,0.0,1.0,151.08193994557453,2.3016064756153423,2.4765536401517057e-67
Y,338,0.008550138208548,0.0,1.0,154.8649066589226,2.6941057113055793,3.8279174746250154e-69
Y,337,0.00813167874066,0.0,1.0,160.4105740715662,2.651765778839199,1.5569035318034724e-71
Y,336,0.008056962293295,0.0,1.0,150.95821725146496,2.472205783725758,2.3693881267391902e-67
Y,335,0.00826770184955,0.0,1.0,151.25963590118957,2.5430150967150857,1.6347775925658875e-67
Y,334,0.008018133116184,0.0,1.0,154.18485519643835,2.5126818810605047,9.033293813926517e-69
Y,333,0.008763224966435999,0.0,1.0,153.2870636186925,2.7342904735481968,1.7830344085876677e-68
Y,332,0.008667270741767999,0.0,1.0,154.86075800421722,2.731585820468171,3.704794758363162e-69
Y,331,0.008298431009361,0.0,1.0,151.38797698544815,2.5547909451092603,1.4212903982323501e-67
Y,330,0.008845977048501,0.0,1.0,153.19865896377763,2.7589794867852473,1.9011814103857324e-68
Y,329,0.008719627597272,0.0,1.0,153.81537446503992,2.729824113767517,1.055816878430737e-68
Y,328,0.008716396243170001,0.0,1.0,153.13237828482548,2.7166778537245992,2.1177068891984374e-68
Y,327,0.009057890123898,0.0,1.0,153.3909546444701,2.8298292161626883,1.4630930121491541e-68
Y,326,0.008738681416024,0.0,1.0,152.44058454670832,2.71144118993236,4.251953992516079e-68
Y,325,0.008775653332502,0.0,1.0,154.72448544193276,2.763914346035102,4.1129879837133286e-69
Y,324,0.009047297281365,0.0,1.0,153.08702313404945,2.820859019265886,2.0003926043648025e-68
Y,323,0.009400687439808,0.0,1.0,151.85444093195088,2.9095180887803687,6.290813509841288e-68
Y,322,0.009495272339798,0.0,1.0,158.1846976438971,3.061884359878351,9.640209689515514e-71
Y,321,0.009639041213664,0.0,1.0,151.77476553029422,2.9831588539446616,6.337749994887021e-68
Y,320,0.009301668586656,0.0,1.0,155.09247298905976,2.939670913867209,2.3952433506186647e-69
Y,319,0.009718834030792,0.0,1.0,152.3233795240312,3.0192125587908265,3.5340446433320435e-68
Y,318,0.009748010769366,0.0,1.0,150.96401351292943,3.0014283641862884,1.4006302043131847e-67
Y,317,0.009870845871264,0.0,1.0,151.72194480282224,3.0552663048665876,6.22538843967711e-68
Y,316,0.01000987948226,0.0,1.0,154.96826566251448,3.1654823452618017,2.173218618296061e-69
Y,315,0.009910075149156001,0.0,1.0,158.08565856281874,3.1963191290728385,9.329127165065596e-71
Y,314,0.009936182566850001,0.0,1.0,152.46874884187838,3.091035666963181,2.847997674077817e-68
Y,313,0.010295398899520001,0.0,1.0,151.8190266549517,3.1914511260989236,4.943431887663486e-68
Y,312,0.010306465389,0.0,1.0,151.77578728422466,3.1940431049182254,5.148827404443517e-68
Y,311,0.010492584957440002,0.0,1.0,155.00325187074907,3.322119064407902,1.7999304001195567e-69
Y,310,0.01098325302561,0.0,1.0,152.44610736384962,3.423497638645139,2.1036245282062794e-68
Y,309,0.0107331648237,0.0,1.0,158.08249110356357,3.4674855971790652,7.175459409608795e-71
Y,308,0.010941902351999998,0.0,1.0,152.8104583995865,3.418474171912568,1.4683489852086978e-68
Y,307,0.01056587048928,0.0,1.0,154.80372614729637,3.341511153278994,2.1561591040093685e-69
Y,306,0.011400475049650001,0.0,1.0,153.62914112751008,3.5841464914475507,5.505869973396655e-69
Y,305,0.0109070252192,0.0,1.0,156.16072511723647,3.4820411200752637,4.835816620200359e-70
Y,304,0.011261186456850002,0.0,1.0,153.8506227966257,3.544461290135454,4.586308017603339e-69
Y,303,0.011841708143680001,0.0,1.0,156.65967086327424,3.7996930979373618,2.152106584504554e-70
Y,302,0.011610173077599999,0.0,1.0,155.65262336844555,3.6997178153262116,6.497613039598406e-70
Y,301,0.0123049189328,0.0,1.0,157.96917224467632,3.9850641158166287,4.8461748860074446e-71
Y,300,0.01220473869792,0.0,1.0,158.61913053396296,3.9680777170739754,2.5718197865134546e-71
