Color,Wavelength,R,T,x,K,S,error
M,800,0.0173597851872,0.910740891,1,0.07463273572606481,0.019034472947579702,0
M,799,0.0175221221316,0.91243782,1,0.07263062725599105,0.019177858333933533,3.469446951953614e-18
M,798,0.01746129274035,0.9110495,1,0.0741908329882926,0.01913950104760852,3.469446951953614e-18
M,797,0.01745047897512,0.911098175,1,0.07415002590186942,0.01912665640460429,6.938893903907228e-18
M,796,0.0175692165596,0.9110926055999999,1,0.07402821831557081,0.019256927823895608,0
M,795,0.01755894347315,0.911835938,1,0.07323876175954433,0.019230460990119387,1.1102230246251565e-16
M,794,0.01757109095964,0.910335693,1,0.07484199275904035,0.01927449741669321,1.1102230246251565e-16
M,793,0.01767092148955,0.9112222289999999,1,0.07377913128287591,0.019365745316606484,6.938893903907228e-18
M,792,0.017733998,0.912499924,1,0.07233612169708784,0.019408500483496984,0
M,791,0.0176613722194,0.911363907,1,0.07363681849975029,0.019352363009372476,0
M,790,0.01777395458776,0.910163651,1,0.07480897295765172,0.019500623091831065,6.938893903907228e-18
M,789,0.017832549826849998,0.9114038085999999,1,0.0734096991380442,0.01953912264048412,6.938893903907228e-18
M,788,0.01766298033485,0.911728058,1,0.0732430022635832,0.01934663314806619,4.163336342344337e-17
M,787,0.0177773695841,0.9109356689000001,1,0.07397325405177538,0.01948835520918381,3.469446951953614e-18
M,786,0.0177858351838,0.911568756,1,0.07328236095165401,0.019484513842662473,1.1449174941446927e-16
M,785,0.0178940804378,0.911458817,1,0.07328429319024159,0.019605402796049953,0
M,784,0.017840526562750002,0.9118212128000001,1,0.07295181093535741,0.019539190656845198,6.938893903907228e-18
M,783,0.01785520969815,0.9119071959999999,1,0.07284349524794907,0.019553486413548562,0
M,782,0.01785707707104,0.91146553,1,0.07331686488299043,0.019564716170284185,0
M,781,0.0177874103683,0.912592697,1,0.07217895978631814,0.019465044587931454,3.469446951953614e-18
M,780,0.017999094678050002,0.911246872,1,0.0733995212674353,0.019724918906741818,2.2898349882893854e-16
M,779,0.017818796618449997,0.911603394,1,0.07320962309248391,0.019519908639879943,3.469446951953614e-18
M,778,0.0179629318707,0.910494003,1,0.07424938192351838,0.019701055832948546,0
M,777,0.01799584586375,0.9113972472999999,1,0.07324112242942248,0.01971820471793771,1.1449174941446927e-16
M,776,0.0180410090431,0.91144371,1,0.0731425359910261,0.019766719652364997,3.8163916471489756e-17
M,775,0.0179893850004,0.9105841827000001,1,0.07412373367010074,0.019728178971263808,3.8163916471489756e-17
M,774,0.01800957878888,0.9104163361000001,1,0.07428285792885679,0.019753854927040244,0
M,773,0.01807514627926,0.9110934448000001,1,0.07348290987719584,0.019811505053134396,1.1449174941446927e-16
M,772,0.01808311673665,0.9099495697000001,1,0.0747067829619546,0.019844380654260342,6.938893903907228e-18
M,771,0.01812479505785,0.911188278,1,0.07332739734172296,0.01986392617464917,1.1102230246251565e-16
M,770,0.0181430923417,0.910855866,1,0.0736656517714593,0.019891013216885193,3.469446951953614e-18
M,769,0.01807644497008,0.9106884766000001,1,0.07391766658350572,0.019821465656803934,3.122502256758253e-17
M,768,0.018302405343849998,0.910969772,1,0.073371604861559,0.020063264689211435,1.1449174941446927e-16
M,767,0.0181644676282,0.9097805786000001,1,0.07480135732460258,0.019937252078331757,3.469446951953614e-18
M,766,0.01825668350185,0.9098999023000001,1,0.0745733959530692,0.020035934906231647,0
M,765,0.01821380634336,0.910927887,1,0.07351201262205115,0.019967019444529336,1.1102230246251565e-16
M,764,0.018276159887520002,0.9106773375999999,1,0.07371474727492316,0.020040724252034185,1.491862189340054e-16
M,763,0.018332925715149998,0.909820099,1,0.07457731388021299,0.020121327083213,1.4224732503009818e-16
M,762,0.0183592092272,0.909947662,1,0.0744115127731679,0.020147442029965268,6.938893903907228e-18
M,761,0.0184006265997,0.9099362182999999,1,0.07437925119280565,0.020193145170642003,3.469446951953614e-18
M,760,0.01837951818215,0.9096958159999999,1,0.07466111364335527,0.02017514030983702,1.1449174941446927e-16
M,759,0.01836726662775,0.9094490813999999,1,0.07494034269060157,0.02016698763697642,0
M,758,0.0183936841663,0.91076889,1,0.07348970882504026,0.02016764692545273,3.469446951953614e-18
M,757,0.0185035769612,0.911460724,1,0.07262690161484561,0.020273230231713256,3.469446951953614e-18
M,756,0.0184314921365,0.9094318389999999,1,0.074889746369117,0.020237886628157013,1.1449174941446927e-16
M,755,0.018584726313440002,0.910363464,1,0.07372077548241705,0.020385932366407365,2.7755575615628914e-17
M,754,0.0185887222952,0.9099884796000001,1,0.07412043186422092,0.0203984555627501,1.1449174941446927e-16
M,753,0.018554148910799997,0.909222717,1,0.0749831154800906,0.020377118990327923,1.1102230246251565e-16
M,752,0.01857615285648,0.909938431,1,0.0741878911078858,0.02038574669731419,0
M,751,0.01861276994275,0.9098364257999999,1,0.07425839017426658,0.020428154033717703,3.469446951953614e-18
M,750,0.01858380577135,0.909281235,1,0.07488806264066596,0.020408421856154723,3.469446951953614e-18
M,749,0.01862307453524,0.9092658996999999,1,0.07486229598664099,0.020451885628879188,3.469446951953614e-17
M,748,0.0186346849272,0.9102290343999999,1,0.07381180994866497,0.020443664355179574,0
M,747,0.018714948723360002,0.9088591003000001,1,0.07520203053767553,0.020561702499525318,1.1102230246251565e-16
M,746,0.018768912417200002,0.909649048,1,0.07429221181674041,0.020603657558545155,3.469446951953614e-18
M,745,0.0187729120585,0.909189072,1,0.07478373045268864,0.020618145534934733,1.3183898417423734e-16
M,744,0.01883839,0.909447632,1,0.07443448007819864,0.020684372519808668,1.1102230246251565e-16
M,743,0.01883353988364,0.9093196106000001,1,0.07457769789241395,0.02068186571978096,3.469446951953614e-18
M,742,0.0188498327424,0.908947372,1,0.07496149223362696,0.020707968440560685,0
M,741,0.018907564184650002,0.910508041,1,0.07321779867956377,0.020736914575441214,3.122502256758253e-17
M,740,0.01882788217675,0.908946686,1,0.0749858814038562,0.02068386608017075,2.0816681711721685e-17
M,739,0.0188378622954,0.909716187,1,0.07414563477251894,0.020677879259365716,1.1102230246251565e-16
M,738,0.01887632619945,0.9099707793999999,1,0.07382995126922888,0.020714490660497412,1.1796119636642288e-16
M,737,0.01898580147245,0.909417419,1,0.07430831983122353,0.020846920721397745,1.1102230246251565e-16
M,736,0.01905042964044,0.909890747,1,0.0737288022219872,0.020907354526138035,1.1102230246251565e-16
M,735,0.019087299937580002,0.9095978546000001,1,0.07400463157605504,0.020954357196730316,1.1449174941446927e-16
M,734,0.01906036295165,0.910046005,1,0.07355090580456469,0.020914800703315722,1.1449174941446927e-16
M,733,0.01903930141932,0.9097720336999999,1,0.07386864899996948,0.020897780851272682,3.469446951953614e-18
M,732,0.01912117002845,0.908741684,1,0.07489098335532632,0.021010696099302215,0
M,731,0.01918338861864,0.90935936,1,0.07415816611661002,0.021065208172397782,3.469446951953614e-18
M,730,0.0191729482663,0.908948746,1,0.07461196106331981,0.021062951847283632,1.2836953722228372e-16
M,729,0.019294672983479998,0.909410782,1,0.07398297286992275,0.021186265514523482,0
M,728,0.0192642774738,0.90890358,1,0.07456229186404592,0.02116431584722634,2.2898349882893854e-16
M,727,0.0192722868574,0.909541473,1,0.07386627399146771,0.021158736579714038,1.1102230246251565e-16
M,726,0.01926380600475,0.908931046,1,0.0745331924711914,0.021163178589782027,1.1102230246251565e-16
M,725,0.019278716875749998,0.9095369719999999,1,0.0738642029930013,0.021165898403779557,2.42861286636753e-17
M,724,0.0192954816805,0.908664398,1,0.0747865450370507,0.021204004904903435,3.469446951953614e-18
M,723,0.01929471424695,0.909117508,1,0.07429893783292349,0.02119292920523719,2.255140518769849e-16
M,722,0.01937265026865,0.908852844,1,0.07450027443641659,0.021284544152214646,2.220446049250313e-16
M,721,0.019389942,0.9084725188999999,1,0.07489168945899705,0.021312179231970294,1.1449174941446927e-16
M,720,0.01945236429565,0.9090933990000001,1,0.07415519375900187,0.02136666142505686,1.4224732503009818e-16
M,719,0.01946818383276,0.909036789,1,0.07419916459195187,0.02138532964298134,3.469446951953614e-18
M,718,0.01938946077138,0.9091851044000001,1,0.07412409439364276,0.021295477912440436,1.1449174941446927e-16
M,717,0.019433734883219998,0.909476547,1,0.07376246791962314,0.021337487294220643,2.42861286636753e-17
M,716,0.0195105334185,0.908646774,1,0.07457392007903638,0.02144076285115599,3.469446951953614e-18
M,715,0.019506507988940002,0.908515244,1,0.07472005615970943,0.02143934309945876,1.1449174941446927e-16
M,714,0.01954930448002,0.908590164,1,0.074593191084832,0.021484671481310613,0
M,713,0.01965928272455,0.908315353,1,0.07477101505892346,0.021611882643931345,3.469446951953614e-18
M,712,0.01964433034215,0.9086582946999999,1,0.07441741903690048,0.021587552380345282,1.1102230246251565e-16
M,711,0.01964609847612,0.9086611175999999,1,0.07441247251095164,0.021589430757535867,1.734723475976807e-17
M,710,0.0197186808108,0.9091568755999999,1,0.07380016225975114,0.021657763012225186,2.255140518769849e-16
M,709,0.01967684935005,0.909243927,1,0.0737514115689365,0.021609807788271006,3.469446951953614e-18
M,708,0.01969868486385,0.9082810974000001,1,0.0747655076294012,0.021655995049521735,1.1449174941446927e-16
M,707,0.01972584038748,0.908512573,1,0.07448671530025089,0.02168050426191512,0
M,706,0.0197576807123,0.907993698,1,0.07501186793514159,0.021727516989436608,3.469446951953614e-18
M,705,0.019817761854960002,0.908413544,1,0.07449447260364064,0.021783847571832993,1.1449174941446927e-16
M,704,0.0198056384188,0.9083578491000001,1,0.07456756525238176,0.021771811666405926,3.469446951953614e-17
M,703,0.019844668109700002,0.907825241,1,0.0750998272374669,0.021827110254591144,1.1796119636642288e-16
M,702,0.01987872503292,0.9083930968999999,1,0.07445086329369963,0.021851344612391143,2.42861286636753e-17
M,701,0.01994329055364,0.908842239,1,0.07389736976833487,0.021911838651534083,1.3530843112619095e-16
M,700,0.01991950370316,0.907849808,1,0.07499269852963227,0.02190885989818733,3.469446951953614e-18
M,699,0.0199912655436,0.90744545,1,0.07535153349450095,0.021997282232875243,0
M,698,0.019971269949549997,0.90861084,1,0.07411656274968888,0.021947994701376098,3.469446951953614e-18
M,697,0.019984812707720002,0.90891449,1,0.07377485509910915,0.02195577602161444,6.938893903907228e-18
M,696,0.02004473899835,0.9082161713000001,1,0.07446279705898495,0.022038014418667384,1.1102230246251565e-16
M,695,0.020057425689600002,0.9081043243000001,1,0.07456970039385326,0.022054593808044833,1.1102230246251565e-16
M,694,0.02008135027692,0.908148651,1,0.07449615222101055,0.02207986126350866,1.1796119636642288e-16
M,693,0.02010184824576,0.908011322,1,0.07462211760488648,0.022105638196954696,1.1449174941446927e-16
M,692,0.020109252738699998,0.907916794,1,0.07471605520316627,0.022116010483180928,1.734723475976807e-17
M,691,0.0201420113426,0.907774887,1,0.07483377694454642,0.022155395106634716,1.1102230246251565e-16
M,690,0.020183748975750003,0.907678833,1,0.07489239201553884,0.022203585478178158,1.1102230246251565e-16
M,689,0.020206975817949998,0.907682114,1,0.0748638320997274,0.022229062752593093,0
M,688,0.020229659410049998,0.907695313,1,0.07482516328839223,0.022253706823079658,1.2836953722228372e-16
M,687,0.02030904587676,0.907324753,1,0.07513926734074998,0.022349879255582458,1.1796119636642288e-16
M,686,0.0202892484246,0.906959305,1,0.07555487353288774,0.022336794426950492,3.469446951953614e-18
M,685,0.02031341222165,0.9077178191999999,1,0.07471067849293944,0.022345317067740688,1.3530843112619095e-16
M,684,0.0203194709856,0.907153091,1,0.07531320924223092,0.022365448237117547,1.3530843112619095e-16
M,683,0.0203317901602,0.9072959899999999,1,0.0751457832372677,0.02237559926670522,1.1449174941446927e-16
M,682,0.0203805093601,0.906653137,1,0.07578690243341074,0.02244461092379216,0
M,681,0.02039406923005,0.906984558,1,0.0754146336809671,0.022451606221619867,3.469446951953614e-18
M,680,0.02044403150335,0.906158752,1,0.07625213001284128,0.022526459447490016,0
M,679,0.0204505125254,0.9069789885999999,1,0.075359805545336,0.022513887305663734,1.1102230246251565e-16
M,678,0.02046459429275,0.906908875,1,0.07542027468560633,0.02253107747132657,0
M,677,0.0205124784588,0.906559753,1,0.07574539853470166,0.02259221911464574,3.469446951953614e-18
M,676,0.0205296531438,0.906179581,1,0.07613727958255068,0.022620314161481667,3.469446951953614e-18
M,675,0.02056628686044,0.906331711,1,0.0759335261450887,0.02265700555264287,0
M,674,0.020541930130449998,0.906551819,1,0.0757222070472069,0.022624853447484196,3.469446951953614e-18
M,673,0.02062896140735,0.9061428069999999,1,0.07606986929707726,0.02273064487134188,0
M,672,0.02058321098208,0.9063537598000001,1,0.07589147346995731,0.02267511943251207,1.1102230246251565e-16
M,671,0.02064010757172,0.9059245300000001,1,0.0762935375768388,0.022748228558781603,1.3877787807814457e-17
M,670,0.02067573773045,0.90585289,1,0.07633246449615304,0.022789246999245685,0
M,669,0.020699820500759997,0.905754547,1,0.07641269118092575,0.02281819150704989,0
M,668,0.020662448301500002,0.905800018,1,0.07640390303292162,0.02277588246112822,1.734723475976807e-17
M,667,0.02068878755345,0.905788574,1,0.07638784489945712,0.022805199004337254,6.938893903907228e-18
M,666,0.02074922506884,0.905483933,1,0.07665168917425165,0.022879271127890198,0
M,665,0.0207143273627,0.9055041504000001,1,0.07666750931059446,0.022840291712372517,1.1102230246251565e-16
M,664,0.02070028680062,0.9054947661999999,1,0.07669280019977776,0.022825036437124163,1.1102230246251565e-16
M,663,0.02078649994056,0.905363922,1,0.07674111341952587,0.0229233169109763,1.1102230246251565e-16
M,662,0.0207354700469,0.904746933,1,0.07746304345874135,0.02288210922265748,1.3530843112619095e-16
M,661,0.020766811344099998,0.905168915,1,0.07697307516310825,0.02290637156269775,1.734723475976807e-17
M,660,0.020785322125099998,0.904853439,1,0.07729406218136048,0.02293452089641894,1.1102230246251565e-16
M,659,0.02076454820665,0.9044821167000001,1,0.07771798481668238,0.02292068809776564,1.3877787807814457e-17
M,658,0.020727310549400003,0.904682465,1,0.07754156123312592,0.022874679298363215,6.938893903907228e-18
M,657,0.020808104495280002,0.904219132,1,0.07795536654594908,0.02297523185508516,6.938893903907228e-18
M,656,0.020814812,0.904451675,1,0.07769660516677977,0.022976927226161167,1.1449174941446927e-16
M,655,0.0207909443925,0.904200821,1,0.07799371701157494,0.022956730864592254,6.938893903907228e-18
M,654,0.0207377914328,0.903804092,1,0.07848043914129313,0.02290774564882774,1.1102230246251565e-16
M,653,0.0207392551176,0.9033150482000001,1,0.07900828506742658,0.022921347448700426,1.1796119636642288e-16
M,652,0.02070700417265,0.9036402893000001,1,0.07869102891216617,0.022877738318115747,1.1796119636642288e-16
M,651,0.0206612692862,0.9034804535000001,1,0.07891353449512342,0.022831103311571566,3.469446951953614e-18
M,650,0.020638371296060002,0.902850723,1,0.07962039917625059,0.022821164801306054,0
M,649,0.0206565769458,0.902509155,1,0.07997085645609048,0.022849649508208805,1.214306433183765e-16
M,648,0.0205677332565,0.9023445891999999,1,0.08024546141953709,0.022755365787810133,3.469446951953614e-18
M,647,0.020541801853799998,0.901895981,1,0.08076006507022565,0.02273758904997079,3.469446951953614e-18
M,646,0.0205317365047,0.90169548,1,0.08098849537589374,0.022731325846122495,1.1796119636642288e-16
M,645,0.0204023152229,0.901392975,1,0.08145709488004303,0.022595336731888356,0
M,644,0.02032095184882,0.900657501,1,0.08234409035367411,0.022522954714701886,1.1102230246251565e-16
M,643,0.02028076748555,0.900770798,1,0.08226460579931519,0.022475680147003647,0
M,642,0.020167948980960002,0.900098648,1,0.08311762438219301,0.02236674117245628,1.1449174941446927e-16
M,641,0.02009525875025,0.8999277496000001,1,0.08338242879557341,0.022290197878195004,1.734723475976807e-17
M,640,0.0199428810573,0.8990583800999999,1,0.08449412984389729,0.022141788646386263,3.469446951953614e-18
M,639,0.01986792934905,0.898753738,1,0.0849074322158963,0.02206577259668269,1.1449174941446927e-16
M,638,0.0196808612945,0.897887116,1,0.08605561604779445,0.021878325156074848,2.220446049250313e-16
M,637,0.01954003824304,0.897457733,1,0.0866774486956418,0.021731775875607623,0
M,636,0.01937764863125,0.897071457,1,0.08727611566585758,0.021560091702090476,6.938893903907228e-18
M,635,0.019223945250600002,0.895863648,1,0.08876361269383352,0.02141684201918181,6.938893903907228e-18
M,634,0.0190129971209,0.894870453,1,0.09008091021203558,0.021204443907255167,1.1796119636642288e-16
M,633,0.01885609310844,0.8938074493000001,1,0.09141731045687619,0.021053512962013684,1.1449174941446927e-16
M,632,0.01864516490964,0.8933473205999999,1,0.0921530093017895,0.02082829460223297,1.734723475976807e-17
M,631,0.0183387152321,0.891982575,1,0.09398788338648106,0.020516079532574803,2.0816681711721685e-17
M,630,0.01807729164845,0.891292191,1,0.0950342625633148,0.020238648375920144,3.469446951953614e-18
M,629,0.01777749518594,0.889670639,1,0.09715023231401271,0.019937843228925764,0
M,628,0.017498040309200002,0.8879982,1,0.09930446987291741,0.019659902841178186,1.1102230246251565e-16
M,627,0.01716097836137,0.886977844,1,0.10080506030721029,0.0193024546735111,3.469446951953614e-18
M,626,0.0168047281101,0.885129852,1,0.10324694267732966,0.018939579886295157,5.898059818321144e-17
M,625,0.01642524324768,0.8837178040000001,1,0.10523581331624018,0.01854021181574128,1.1102230246251565e-16
M,624,0.01605664190436,0.8817028046000001,1,0.10788836767457462,0.01816380658535055,6.938893903907228e-18
M,623,0.01560649749324,0.878805847,1,0.11162516166653179,0.017710265568331173,1.1275702593849246e-16
M,622,0.015187956102360001,0.877374344,1,0.11369616407625335,0.017262166103095347,8.673617379884035e-18
M,621,0.014698891198440001,0.874829941,1,0.11710165765985184,0.0167527121303347,1.1275702593849246e-16
M,620,0.01422571862988,0.872498398,1,0.12026056903136736,0.016254760106170916,1.1102230246251565e-16
M,619,0.0136560933155,0.86917511,1,0.12466183799462618,0.015660752186800315,2.1163626406917047e-16
M,618,0.01309616219112,0.8658677672999999,1,0.12905327667386307,0.015073231683496075,5.204170427930421e-18
M,617,0.012513368,0.8626245117000001,1,0.13341673045007263,0.014453930517026672,1.2836953722228372e-16
M,616,0.01197353378892,0.8587664032000001,1,0.13845632886385126,0.013889371675005063,0
M,615,0.011326517,0.854678421,1,0.14391025532034976,0.0131983932274997,1.1796119636642288e-16
M,614,0.01069754454475,0.850304565,1,0.14970514741018362,0.01252614879369876,6.938893903907228e-18
M,613,0.0100462724389,0.846051788,1,0.15541797487415374,0.011819403644412698,2.949029909160572e-17
M,612,0.009393298825339999,0.841024399,1,0.16207634371122523,0.011113466444015788,2.0816681711721685e-17
M,611,0.008749450128925,0.8352166748000001,1,0.1696929816219857,0.01041942753801839,1.5612511283791264e-17
M,610,0.008127041645532001,0.828678818,1,0.17821485779141394,0.009749869277144864,1.491862189340054e-16
M,609,0.00747373623252,0.823153153,1,0.185626462194494,0.009022440241532955,1.8388068845354155e-16
M,608,0.006853230622164999,0.815679474,1,0.1954202277989572,0.008344103384306148,8.040443311152501e-16
M,607,0.006302041405225,0.8081307983000001,1,0.2053177857691318,0.007739683192460134,1.3877787807814457e-16
M,606,0.005763795662256,0.800031738,1,0.21598091141571596,0.007145085502254741,1.8995222061946038e-16
M,605,0.00519549015726,0.791609879,1,0.227200918177298,0.006503874718381065,0
M,604,0.004714048493105,0.7821776581000001,1,0.23972193798951938,0.005966652596556531,1.734723475976807e-17
M,603,0.00431172957123,0.7715258025999999,1,0.25387168495869333,0.005526417803729006,1.734723475976807e-18
M,602,0.00391493743357,0.7610974120999999,1,0.26792428631935467,0.005080482992556776,1.6479873021779667e-17
M,601,0.0035987655310999998,0.749431763,1,0.283713285586757,0.004736060597923416,1.2793585635328952e-16
M,600,0.003328489172604,0.736967773,1,0.3007721542997658,0.004447109586247119,6.158268339717665e-17
M,599,0.0030441629430119996,0.723295364,1,0.31980855131031605,0.00413603323753672,1.8084492237058214e-16
M,598,0.00284626354611,0.7089762878000001,1,0.34000288866372347,0.003936548398178072,2.2551405187698492e-17
M,597,0.002666855846556,0.692981339,1,0.3629943859444215,0.0037634491278867037,6.752411130239722e-16
M,596,0.002567042817096,0.67648468,1,0.3871510709450773,0.0036997675529944324,9.56266316132215e-16
M,595,0.00243508703175,0.658951721,1,0.4135195961280249,0.0035903840321548698,9.37704774939263e-15
M,594,0.002370469501955,0.6404254149999999,1,0.4420458005556469,0.0035816794711939406,6.342149028171207e-15
M,593,0.0022750272084699997,0.619985504,1,0.4745304745763321,0.0035333571323249435,7.37257477290143e-18
M,592,0.0022643736628749998,0.599237633,1,0.5084833076610324,0.0036185202560063837,1.9038590148845458e-16
M,591,0.002218581769056,0.576670723,1,0.5468290555814156,0.003659580313416772,6.11229816760428e-15
M,590,0.00219849349599,0.553138313,1,0.5884006374947316,0.0037514761219147653,8.929489092590615e-16
M,589,0.0021603771520519997,0.5285828018000001,1,0.6337379756808326,0.0038228210760994745,4.2197148553135833e-16
M,588,0.002183543779195,0.502662849,1,0.6838215448826556,0.0040194323380314595,1.4284580462931018e-14
M,587,0.00214026136178,0.47616718290000004,1,0.7378843250303317,0.004107381440764731,6.475982944342817e-14
M,586,0.002155623441744,0.44864936829999996,1,0.7971931054890096,0.004326366293378084,1.3904632653605198e-13
M,585,0.002151552304375,0.420528221,1,0.8617215456743835,0.004528355390786236,1.6215848108735997e-13
M,584,0.00214092754113,0.39226348880000006,1,0.9310923136570328,0.004735751602911894,2.153433681373329e-13
M,583,0.002109768417655,0.363815041,1,1.0061992181896389,0.00491727931357544,7.13623604653435e-13
M,582,0.002145735699552,0.33532024380000003,1,1.087393627820847,0.005283209366446185,4.527194591430472e-15
M,581,0.002137882883964,0.307394714,1,1.1740606167713925,0.005570129228142888,4.7704895589362195e-18
M,580,0.002123812043047,0.279603653,1,1.26851865609845,0.005872183490000727,1.4649306073755142e-14
M,579,0.002149070597388,0.253036594,1,1.3679200494779766,0.006310664695956729,4.608292913932388e-15
M,578,0.002165457962348,0.22766014099999998,1,1.4731521730246875,0.006759691139108718,2.7885679876327174e-16
M,577,0.0021703038723900002,0.203383484,1,1.585461975128742,0.007211436506239394,6.114900252818245e-17
M,576,0.0021715184513640003,0.181015854,1,1.7015085392436005,0.007674476285210222,6.045511313779173e-16
M,575,0.002151544684296,0.160000782,1,1.8244967541924986,0.008092941088412058,2.3327693943198113e-15
M,574,0.002136204154848,0.140819817,1,1.9517435163504289,0.008544552402656069,3.631253284175351e-14
M,573,0.00216858806977,0.123637209,1,2.0812120210942364,0.009207216111115208,1.4311468676808659e-16
M,572,0.002174155,0.108363886,1,2.212499207310551,0.00977792227070008,1.5178830414797062e-17
M,571,0.002190833549688,0.094779682,1,2.345800704156516,0.010417698801242792,8.413408858487514e-17
M,570,0.002191098700765,0.082512579,1,2.4838162731666165,0.011007702318075864,7.331375090346981e-15
M,569,0.00222267225042,0.072025523,1,2.619000490223885,0.011755542735396368,5.724587470723463e-17
M,568,0.00218842100751,0.062981329,1,2.752789012349359,0.012149836456602937,1.6609977282477928e-16
M,567,0.0021845675595700003,0.055167623,1,2.8847043565374757,0.012697725697752018,3.0375008064353892e-15
M,566,0.002186021,0.048413038,1,3.0147407778110282,0.01326962429205166,2.42861286636753e-16
M,565,0.002196888213735,0.04266264,1,3.140572230721493,0.013885186063485128,1.780346703394997e-14
M,564,0.00218925069852,0.037843373,1,3.259968948125939,0.014357133663040433,1.3877787807814457e-17
M,563,0.0022139956537,0.033709891,1,3.3749645298707796,0.015027860182304113,4.336808689942018e-19
M,562,0.002220311066955,0.030139871,1,3.4863711964773265,0.015564837213325144,4.336808689942018e-19
M,561,0.0022416954161639997,0.027228785,1,3.587343993012883,0.01616785770717997,6.938893903907228e-18
M,560,0.002215078144972,0.024612446,1,3.6881129893454667,0.016421534060327984,1.431146867680866e-17
M,559,0.002205521775005,0.022461514,1,3.779231381134589,0.016752621285932877,3.469446951953614e-18
M,558,0.002280504471535,0.020520332,1,3.8686411779323904,0.01773316305205429,2.5587171270657905e-17
M,557,0.0022059821426,0.018915681,1,3.950285850812371,0.0175119628577394,4.5536491244391186e-17
M,556,0.002257665046515,0.017509365,1,4.026785286719193,0.018270269215324868,3.870168074904257e-15
M,555,0.00226419055402,0.016306957,1,4.097555962854062,0.018644587134722716,6.938893903907228e-18
M,554,0.002244044242765,0.015202596189999999,1,4.167533357358159,0.01879285120112397,1.452449271965861e-13
M,553,0.00224390338957,0.014282764199999999,1,4.2296682195900654,0.019071316565114897,2.2039661762285334e-14
M,552,0.002257469319156,0.013450276,1,4.289337149519272,0.019457363704331165,2.7582103268031233e-16
M,551,0.002235671926705,0.012661154269999999,1,4.3497159058661365,0.019539477813630517,3.5128150388530344e-17
M,550,0.002277618957912,0.012006613020000001,1,4.402190799350037,0.02014760350609421,1.3357370765021415e-16
M,549,0.002277523527168,0.011390466,1,4.454633416674038,0.020386465380094733,1.0737938316296436e-15
M,548,0.002265926310625,0.010876504,1,4.500700005913886,0.02049169337397135,1.0096090630185017e-15
M,547,0.00228216314616,0.010445267,1,4.540825627260745,0.020823016254133613,3.903127820947816e-18
M,546,0.0022683033198550003,0.01002681,1,4.581653099262374,0.02088188271751182,5.5957842526321855e-15
M,545,0.002327693331012,0.009623329,1,4.6219902450282415,0.021619684757691972,1.6466862595709841e-15
M,544,0.002315522955255,0.009324749,1,4.653475498777254,0.02165249900747735,1.3053794156725473e-16
M,543,0.00232480503464,0.009028743,1,4.685498438092587,0.021889182944668625,6.591949208711867e-17
M,542,0.002295832569716,0.008811597,1,4.710003144688127,0.021728097931961197,1.9160020792163834e-15
M,541,0.00231809389695,0.008540546298000001,1,4.740892581501378,0.02208354390225389,2.2985086056692694e-17
M,540,0.0023160117898,0.008370972871999999,1,4.760874575466126,0.02215654667381146,2.5587171270657905e-17
M,539,0.0023088233824500003,0.008243896,1,4.776169719499188,0.022158371992972763,2.0383000842727483e-17
M,538,0.002324342294965,0.008136512,1,4.789072050637868,0.02236822827406554,3.2959746043559335e-17
M,537,0.002364081671229,0.008025057,1,4.802418980279351,0.022815840257533696,2.862293735361732e-17
M,536,0.002346433225164,0.00793163,1,4.814244038744541,0.022700437573764432,1.734723475976807e-18
M,535,0.0023661183241700003,0.007885081767999999,1,4.819912600937278,0.02291872051058304,3.5561831257524545e-17
M,534,0.002368457150892,0.007807644,1,4.829712763087691,0.02298810050787318,4.9873299934333204e-17
M,533,0.002384704279762,0.007884941,1,4.819751093828061,0.023098834650175332,4.119968255444917e-17
M,532,0.0023825974435680002,0.007801116,1,4.83040864449609,0.02312933063471127,4.7704895589362195e-17
M,531,0.002379930539055,0.007890266,1,4.819125220382378,0.023049382843305353,3.903127820947816e-17
M,530,0.00239255197254,0.007904786,1,4.817173689889301,0.02316282812110511,3.5561831257524545e-17
M,529,0.00238498331522,0.007923974,1,4.814833741716335,0.023077995328517068,3.122502256758253e-17
M,528,0.002424437571924,0.007995633,1,4.805494453329551,0.023416143926912176,2.2985086056692694e-17
M,527,0.002401116296264,0.008097354,1,4.793137544425165,0.023130221267048574,2.2551405187698492e-17
M,526,0.002423360372028,0.008208326,1,4.779378236675131,0.02327856808591583,2.2985086056692694e-17
M,525,0.002428834234644,0.008321297,1,4.765723019975941,0.02326478878041815,2.6454533008646308e-17
M,524,0.002466366072436,0.008563371,1,4.73683023217217,0.02348292893807594,1.7780915628762273e-17
M,523,0.00246164038581,0.008745899,1,4.715887573187165,0.02333416269497584,3.350618393849203e-15
M,522,0.002459929538035,0.00896905,1,4.690832448515817,0.023194071627380974,3.469446951953614e-17
M,521,0.002462925597888,0.009314881,1,4.653156639617734,0.023036088577357,1.6479873021779667e-16
M,520,0.0025209607962949996,0.009624365,1,4.620095820274899,0.02341423362604732,2.1228678537266177e-15
M,519,0.002446850400564,0.010051455499999999,1,4.57757334543097,0.02251358891273826,7.0425436315968426e-15
M,518,0.0025098832085650004,0.010582123,1,4.525804725762866,0.02283552487333279,1.734723475976807e-18
M,517,0.0025473578671199996,0.011008534430000001,1,4.486161089669733,0.022975403892809828,9.35015953551499e-16
M,516,0.00255344036339,0.011658048629999999,1,4.42907220973037,0.022737804808006187,5.41667405373758e-16
M,515,0.002573968481184,0.012278752,1,4.377282794074484,0.02265386192656016,1.0373646386341306e-15
M,514,0.002559869299404,0.013046002,1,4.3171040178921025,0.022219840019297468,1.734723475976807e-18
M,513,0.002622706452259,0.013876146,1,4.255193878979884,0.022442133948040465,1.474514954580286e-17
M,512,0.002637355284708,0.014710948,1,4.1969552305030025,0.02225980057591816,2.862293735361732e-17
M,511,0.0026732709610439997,0.015714282,1,4.131026768614812,0.022210784665742014,4.135494030554909e-14
M,510,0.00270756415836,0.016725235,1,4.0687305762235635,0.02215872659861416,3.469446951953614e-18
M,509,0.002694844350924,0.017903202,1,4.001138345413252,0.021688579041429134,1.5265566588595902e-16
M,508,0.00276069417296,0.019138908,1,3.934233731964549,0.021850917084617328,7.025630077706069e-17
M,507,0.002787067705008,0.020538545,1,3.863837273802491,0.021667300282727408,3.252606517456513e-17
M,506,0.0027664857614999997,0.021975267,1,3.796754214582596,0.021134312770350216,3.903127820947816e-18
M,505,0.002857652367468,0.023519976,1,3.728514470751844,0.0214438418892449,3.903127820947816e-18
M,504,0.00290213927953,0.025226798060000003,1,3.658529474328658,0.021372598025473442,2.8085173076064507e-15
M,503,0.002968585284744,0.027060532570000004,1,3.588286748792046,0.021447121833501736,1.6393136847980827e-16
M,502,0.0029822151772200003,0.028961453439999996,1,3.5207011026339408,0.02114262592230649,4.336808689942018e-19
M,501,0.003057040071636,0.031159399,1,3.447466672687165,0.021228291334121602,2.1250362580715887e-17
M,500,0.0031179753501599998,0.033344936,1,3.3796746089888305,0.02123128180490408,7.37257477290143e-18
M,499,0.003230743531222,0.035758152,1,3.309485492011075,0.021550778631365952,0
M,498,0.003277357338336,0.038461029529999996,1,3.23678143480535,0.021387777715888408,8.673617379884035e-19
M,497,0.003347739264996,0.041382184,1,3.1636040282887543,0.02136120770475326,1.6557935578198624e-15
M,496,0.0034936695537,0.044243379,1,3.096283956952498,0.021829782915847713,5.064308347679791e-14
M,495,0.003574824041095,0.047487535479999995,1,3.025516974637085,0.0218364683207952,2.8189256484623115e-17
M,494,0.003646129353228,0.050945239,1,2.9553044372185955,0.021765768016783472,1.8349037567144677e-15
M,493,0.003775434633912,0.054622626,1,2.885357564014839,0.02201859884789935,9.701441039400294e-16
M,492,0.003876283010352,0.058417949680000004,1,2.818109009487595,0.02209392780360098,1.353344519783306e-14
M,491,0.003986908113828,0.06264191151000001,1,2.7482162407381576,0.022177280144869704,7.511352650979575e-16
M,490,0.004122646318476,0.066780491,1,2.6840052374506707,0.022414806121713236,4.185020385794047e-14
M,489,0.0042403176000479995,0.071453886,1,2.6162878078922116,0.022492974185347025,2.379693664344984e-14
M,488,0.00435463731841,0.076245904,1,2.5513240675034083,0.022547200949129747,2.931682674400804e-16
M,487,0.004466057692457,0.081239719,1,2.4878604012220964,0.022571994334537812,3.5561831257524545e-16
M,486,0.004623321479856,0.08652890205000001,1,2.424561363566689,0.022800100367668424,1.6046192152785466e-16
M,485,0.004728904015608,0.09192676543999999,1,2.3640828323100513,0.02276623797717281,5.603156827405087e-16
M,484,0.004903005566592,0.097762766,1,2.3022797786953735,0.023021404281774915,1.6982942829812941e-15
M,483,0.005062074400931999,0.103749056,1,2.2426839331066795,0.023189044768684535,4.747070792010533e-15
M,482,0.00523417527369,0.11005249980000001,1,2.183508797043323,0.023385128783593768,6.8382799423005736e-15
M,481,0.00535256818722,0.11655519489999999,1,2.1261610854612254,0.023326789609087083,6.938893903907228e-18
M,480,0.00552855851691,0.12329024309999999,1,2.0698123471593317,0.02350255984655251,2.680147770384167e-16
M,479,0.00565804029073,0.130262528,1,2.0148428915108414,0.023463010724725796,1.4051260155412137e-16
M,478,0.005861774650333,0.137456923,1,1.9608381396316554,0.02371321804424531,4.2413988987632933e-14
M,477,0.006000469191702,0.144957695,1,1.907746164950065,0.023675507145897424,1.5289332300216785e-13
M,476,0.00624815757768,0.152534876,1,1.8564181106772324,0.024057831697271735,3.190850361711739e-14
M,475,0.006375223266708,0.160233479,1,1.8072749818803096,0.023963387363987818,1.5803330866148713e-15
M,474,0.00654169531124,0.168310394,1,1.758068802226007,0.023994112997577435,2.2169766022983595e-15
M,473,0.00672710856833,0.17631685260000002,1,1.7114940732051904,0.02409914269731204,1.3773704399255848e-15
M,472,0.006970144687056,0.184597359,1,1.6653192133435266,0.02438471509735737,1.1310397063368782e-15
M,471,0.00713421709285,0.19282226560000001,1,1.6217211199534485,0.024393180881995987,1.491341772297261e-14
M,470,0.007356503054965,0.20116319659999998,1,1.5791808646606498,0.024590036235889606,3.64031721433733e-15
M,469,0.00757304339157,0.209403954,1,1.5388588323096462,0.02476745212950063,6.912873051767576e-16
M,468,0.00779222643126,0.21765317920000002,1,1.5000462711729678,0.02494644818774932,2.1501897484732524e-15
M,467,0.008078461536895,0.225787106,1,1.4629731391598266,0.025336501056539555,5.880712583561376e-16
M,466,0.00830868567444,0.234171219,1,1.4263301917184135,0.025523866855080398,1.1796119636642288e-16
M,465,0.00852166347846,0.242217827,1,1.3924000691236,0.02567304335144388,5.204170427930421e-17
M,464,0.00875803654212,0.250494919,1,1.3586045420066684,0.025872017867451528,0
M,463,0.009029827408896,0.258514252,1,1.326788661133141,0.026181761103306122,2.9629076969683865e-15
M,462,0.00926188662018,0.26623773570000003,1,1.2971514649068718,0.026384848007258987,1.4276774207289122e-15
M,461,0.00948755246695,0.274157734,1,1.2676753511591672,0.026551363623529337,6.938893903907228e-18
M,460,0.00968315450928,0.281605816,1,1.2407687262604652,0.026656786837582058,1.960237527853792e-16
M,459,0.00996535958556,0.289236221,1,1.2137140158649302,0.026982595050683504,3.4330177589581012e-15
M,458,0.01014522909925,0.296761684,1,1.1879827695260914,0.027030951149221754,1.4398204850607499e-15
M,457,0.010415403,0.304421482,1,1.162229376015254,0.02730660033511704,6.2085753205209926e-15
M,456,0.010591130658720001,0.311787491,1,1.1382840467704762,0.027345951022553962,8.670147932932082e-15
M,455,0.01079883527364,0.31926689150000004,1,1.1144695086392618,0.027458687967419106,0
M,454,0.01107392038367,0.326659927,1,1.09130110728344,0.027741132300306278,2.4077961846558082e-15
M,453,0.011148651957360001,0.334307327,1,1.0683935328962595,0.027506340534634514,8.153200337090993e-17
M,452,0.0113956878569,0.341538734,1,1.0467855003340683,0.027719257524559268,1.9116652705264414e-15
M,451,0.011610398901959999,0.34957107540000004,1,1.0234573702191112,0.027805201268889707,3.0617869350990645e-15
M,450,0.011723553296639998,0.356946068,1,1.0027021659872293,0.027682824277345603,4.130376596300778e-15
M,449,0.01190651358345,0.364832153,1,0.9808356155012578,0.027699167922783475,3.884045862712071e-15
M,448,0.01207088134488,0.37249305730000004,1,0.9600724822934283,0.027683204179585794,3.4122010772463796e-15
M,447,0.012247814071680001,0.38040454859999995,1,0.9390583409893486,0.02768266876685144,3.0548480411951573e-15
M,446,0.01246890997095,0.38855102539999997,1,0.9177874967296795,0.02776795538928542,7.177331645680241e-13
M,445,0.012515025015359999,0.39690261839999996,1,0.896830472716153,0.027455787639412404,4.868050407225155e-13
M,444,0.01266067886016,0.404619942,1,0.8776324907797383,0.027397674046735515,9.348424812039013e-15
M,443,0.01272614556168,0.412181091,1,0.8593374904905388,0.027176518352754152,1.903841667649786e-13
M,442,0.01282263586044,0.419909744,1,0.8409185206317049,0.02701794069744533,1.0920431225969196e-13
M,441,0.01285241031355,0.42747547150000004,1,0.8233451954370078,0.02673142604864949,6.05990951862978e-14
M,440,0.01277388360015,0.434839134,1,0.8067532072015045,0.02623799779460542,3.026745520884333e-14
M,439,0.012760333381199999,0.44214176180000003,1,0.7904425131121348,0.025890453589042583,1.1511624986582092e-13
M,438,0.01266539992425,0.448910065,1,0.7757249300674883,0.02540992492389331,6.790401574363614e-14
M,437,0.012482007,0.455589676,1,0.7615886640891901,0.024767549123478234,3.955342997574718e-14
M,436,0.0123221773938,0.46172702790000003,1,0.7487613490569004,0.02420616807426501,4.238796813549328e-14
M,435,0.01201234030944,0.46780223849999997,1,0.7365182297861328,0.02336599318616803,5.697525784498225e-14
M,434,0.0116095012776,0.473447762,1,0.7254968480219972,0.02237797723552519,4.147723831060546e-14
M,433,0.01103825537066,0.479448433,1,0.7141890700571417,0.02107369603066355,3.942332571504892e-14
M,432,0.01083114475668,0.484226265,1,0.7048180768808732,0.0205220224914281,3.00228591987306e-14
M,431,0.01010754525876,0.489244232,1,0.6960117237726697,0.018999897486896983,2.225303274983048e-14
M,430,0.009622793304756,0.492798309,1,0.6897735957647921,0.017988014035593143,1.7090495685323503e-14
M,429,0.008931425973445,0.49829025270000005,1,0.6801100015700519,0.016553087960429435,1.0155071228368229e-14
M,428,0.008334599032727999,0.502477875,1,0.6729349703307302,0.01534688312437259,5.613565168260948e-15
M,427,0.007755010128012,0.50544529,1,0.668168438304401,0.014214317410526842,2.8015784137025435e-15
M,426,0.00714522736684,0.509902115,1,0.6605859548377271,0.013007148446217797,6.028164079019405e-16
M,425,0.006701113572300001,0.512780495,1,0.6558118807449383,0.012145023978719109,4.683753385137379e-17
M,424,0.006287422399632,0.516348953,1,0.649682348066083,0.011333387410130317,1.1828732437990652e-13
M,423,0.005820907752432,0.518577881,1,0.6462450023104503,0.010456968370363138,2.983724378680108e-16
M,422,0.005443029849372,0.52151638,1,0.6413120060222055,0.009734675088379635,7.155734338404329e-16
M,421,0.005308494180845,0.522324143,1,0.6400149210531981,0.00948247040410241,7.537373503119227e-16
M,420,0.005107347470335,0.522991791,1,0.6391037156882918,0.009113963043690094,1.0998146837692957e-15
M,419,0.004785192993456,0.522785111,1,0.6400677715632622,0.008541742539689885,1.7685505837583548e-15
M,418,0.004839688986774,0.522082748,1,0.6413063253424854,0.008648194780231277,1.6870185803874449e-15
M,417,0.00465296006838,0.519337044,1,0.6468765894594547,0.008349156861960277,2.3678975447083417e-15
M,416,0.0045965084268,0.515209122,1,0.654905789682708,0.008299782578140194,2.8900493109773606e-15
M,415,0.00455195169948,0.5101110839999999,1,0.6648660972445756,0.008283629039853411,3.337607967779377e-15
M,414,0.0044809082332,0.501984367,1,0.680951833607139,0.008257087570390582,4.676814491233472e-15
M,413,0.004408378637124,0.49217674260000005,1,0.7006912488168976,0.00824848542640659,6.252810769158401e-15
M,412,0.004380878122956,0.480465393,1,0.7246727108687575,0.008349971674507156,7.310124727766265e-15
M,411,0.004220139909948,0.466000748,1,0.7553571619037028,0.008232508139702353,1.0524567328751289e-14
M,410,0.00414613664382,0.448911476,1,0.7926334560078392,0.008317773882840364,1.152376805091393e-14
M,409,0.00408579295296,0.429374886,1,0.8369767796325625,0.008470064948146902,1.2430161067111811e-14
M,408,0.00392297970813,0.407086792,1,0.8902980574223638,0.008452107612062595,2.758904216193514e-14
M,407,0.003888950161875,0.382924881,1,0.9511895283416104,0.00874906214961131,2.0109911999521835e-13
M,406,0.00382971708055,0.356799736,1,1.0215582877006009,0.009045218027563494,9.08995101411847e-16
M,405,0.0037673717613840004,0.33083126069999996,1,1.0968115705906787,0.009358903653562676,3.250004432242548e-15
M,404,0.003675386782029,0.304159641,1,1.180585877060037,0.009640863026738163,5.594483210025203e-17
M,403,0.00370670432088,0.277923107,1,1.2701503980965656,0.01028683078419317,3.469446951953614e-17
M,402,0.003518077885776,0.25194257740000003,1,1.3682225785228659,0.010357197623215915,5.234094407891021e-15
M,401,0.0036199405959359996,0.22791810989999997,1,1.4675053804043485,0.011292798351296415,2.3635607360183997e-16
M,400,0.0034718645262699997,0.206256905,1,1.5672129912992698,0.011448711175017471,1.5785983631388945e-15
M,399,0.003513625971114,0.186033726,1,1.6696166822354428,0.0122423875203646,1.2225463696946548e-15
M,398,0.0034449078453,0.168839016,1,1.7662267385084034,0.012615365887803825,5.5077470362263625e-17
M,397,0.00345030718464,0.15353076,1,1.8606459588316167,0.013242986972343784,2.6699562699628032e-14
M,396,0.0034090176606080005,0.139859943,1,1.953469954209836,0.013679517975063392,1.5277275972058746e-14
M,395,0.0033595502526319997,0.12822093,1,2.040005125968601,0.014031813803761093,1.1423154089307275e-15
M,394,0.0032595310629200003,0.11776619910000001,1,2.1249491228181583,0.01414082744439854,2.862293735361732e-17
M,393,0.0034501941409999996,0.108334227,1,2.2070576871435503,0.015518585381884489,1.2685165418080402e-14
M,392,0.0033758102879640002,0.098521357,1,2.3017240608843177,0.015800228872259812,4.570996359198887e-16
M,391,0.0033335418991490002,0.088826113,1,2.40484808901565,0.016269987780945277,1.7694179454963432e-16
M,390,0.003284461694784,0.079329243,1,2.517440809727592,0.016752162284498634,2.0729945537922845e-16
M,389,0.003329183131525,0.069063001,1,2.6549033457055593,0.01788147128430094,3.7040683020794773e-14
M,388,0.003387869349996,0.059435449,1,2.8037232508093526,0.01919494327135503,1.8127860323957634e-16
M,387,0.0032392825122840004,0.049877453,1,2.9787664155949916,0.019472524582534935,4.102621020685149e-16
M,386,0.003182048127252,0.040926089289999995,1,3.1756684963573023,0.020373839823794412,2.8727020762175925e-15
M,385,0.003200909668092,0.032491245,1,3.4048837154430704,0.021960999560500512,1.5178830414797062e-17
M,384,0.003338794555524,0.025213473,1,3.6558559180659,0.02459187751338593,5.55805401702969e-15
M,383,0.003366672044736,0.019253582,1,3.923529252670635,0.0266071895834873,4.90059381963448e-17
M,382,0.0031876828727520003,0.014130038,1,4.232367625626537,0.027161201132490743,4.206587335409129e-13
M,381,0.003291362721816,0.010157470699999999,1,4.559419346026774,0.03021509349830998,1.7545860597767415e-14
M,380,0.00338893336609,0.007217625,1,4.897905809077978,0.0334252621880195,1.7997756063259374e-16
M,379,0.0033806361689160003,0.00498199,1,5.266186735884865,0.035848987543414035,1.214306433183765e-17
M,378,0.003346849364892,0.0030200043319999997,1,5.763774926,0.038840881,5.181922599351019e-14
M,377,0.003426317886204,0.0018409270050000002,1,6.2544672,0.04315495,5.854691731421724e-18
M,376,0.003328437524028,0.0008164015412,1,6.745159474,0.04746902,1.95514177764311e-15
M,375,0.0035004028310250002,0.0001987059787,1,7.235851748,0.051783089,6.830473686658678e-18
M,374,0.003578676006485,0,1,7.726544022,0.056097158,1.6436039879972133e-68
M,373,0.003385845554688,0,1,8,0.060411227,4.123523107419741e-71
M,372,0.003598964103548,0,1,8,0.064725297,9.199484752311194e-68
M,371,0.003610533660816,0,1,8,0.069039366,3.1200036451618777e-68
M,370,0.0037962938479679997,0,1,8,0.073353435,4.228355973216206e-67
M,369,0.003595718225556,0,1,8,0.077667504,4.600760062183818e-68
M,368,0.003570520230324,0,1,8,0.081981573,1.5662900249186524e-68
M,367,0.00373330925016,0,1,8,0.086295643,1.9589354787726093e-68
M,366,0.003679389874836,0,1,8,0.090609712,1.5297457977706436e-68
M,365,0.0038988610355519997,0,1,8,0.094923781,2.788316982873851e-67
M,364,0.00379989771063,0,1,8,0.09923785,2.984121904595386e-67
M,363,0.0037109113870850002,0,1,8,0.1,3.9594307663966235e-69
M,362,0.0039051684734859996,0,1,8,0.1,1.0230057068070033e-67
M,361,0.003414096907172,0,1,8,0.1,8.227553918596373e-71
M,360,0.003542625882885,0,1,8,0.1,3.090432178867311e-67
M,359,0.00385855922322,0,1,8,0.1,5.289852159993847e-20
M,358,0.003970958189748,0,1,8,0.1,3.498854626520986e-67
M,357,0.003919108468595,0,1,8,0.1,5.3105146702296904e-67
M,356,0.0042987260018,0,1,8,0.1,7.728136656890488e-68
M,355,0.003966919390705,0,1,8,0.1,2.6998904218267614e-67
M,354,0.0038882856312250002,0,1,8,0.1,2.746266326383279e-67
M,353,0.003960686052312,0,1,8,0.1,6.465331643964534e-68
M,352,0.004099642179658,0,1,8,0.1,1.6206289444885382e-69
M,351,0.004383500625816,0,1,8,0.1,7.088766129499991e-70
M,350,0.004183813520813,0,1,8,0.1,7.605861905409503e-70
M,349,0.004005934523104,0,1,8,0.1,2.158995344440066e-70
M,348,0.0029112625391789996,0,1,8,0.1,4.825503184989683e-71
M,347,0.004297051349289999,0,1,8,0.1,3.372537908895322e-69
M,346,0.00423074964155,0,1,8,0.1,1.1732767018482223e-67
M,345,0.004088376682555,0,1,8,0.1,8.959428090427152e-68
M,344,0.004760708581428,0,1,8,0.1,1.3192537673469198e-67
M,343,0.00472266841392,0,1,8,0.1,3.9281985901647475e-68
M,342,0.00418570215618,0,1,8,0.1,3.790870074254663e-70
M,341,0.005133686098752001,0,1,8,0.1,5.038536081599676e-72
M,340,0.003882579986292,0,1,8,0.1,1.0621884978042869e-66
M,339,0.003968811271764999,0,1,8,0.1,7.615062827096895e-68
M,338,0.004886491069872,0,1,8,0.1,6.468869553197465e-68
M,337,0.004682679394656,0,1,8,0.1,3.6050397763841605e-68
M,336,0.0046127429979450005,0,1,8,0.1,5.706207580383359e-68
M,335,0.004624908268929999,0,1,8,0.1,1.1796209667302354e-68
M,334,0.0047438559935039995,0,1,8,0.1,1.1651321065650886e-67
M,333,0.00463993897692,0,1,8,0.1,1.9102626196824846e-69
M,332,0.004632677893896,0,1,8,0.1,3.3589730318844294e-69
M,331,0.004873084224599001,0,1,8,0.1,6.505698881197675e-68
M,330,0.005146952027962,0,1,8,0.1,3.2921761210082444e-73
M,329,0.004940796325476,0,1,8,0.1,1.465992410963537e-70
M,328,0.004679475735592,0,1,8,0.1,5.779213723436159e-68
M,327,0.005062823486266001,0,1,8,0.1,2.3151323253294926e-69
M,326,0.00513056652556,0,1,8,0.1,9.790934454365583e-72
M,325,0.005133480293424,0,1,8,0.1,6.609170410767398e-73
M,324,0.005162335567422,0,1,8,0.1,2.93614735304391e-71
M,323,0.0053294919395340005,0,1,8,0.1,1.061725123992693e-68
M,322,0.0052835618743879995,0,1,8,0.1,1.5738611389964618e-70
M,321,0.00542367198976,0,1,8,0.1,7.444504000559578e-69
M,320,0.005398280734944,0,1,8,0.1,5.052248223680513e-68
M,319,0.005570758844964,0,1,8,0.1,2.6063603248333926e-67
M,318,0.005771052033182,0,1,8,0.1,1.3497671491268606e-68
M,317,0.005554355679039999,0,1,8,0.1,1.1281750024796051e-68
M,316,0.005213655727084,0,1,8,0.1,3.15088366979671e-69
M,315,0.005973790255038,0,1,8,0.1,1.867401104444045e-69
M,314,0.005869775083538999,0,1,8,0.1,3.224109831287624e-69
M,313,0.006067184162464,0,1,8,0.1,7.835269700079522e-71
M,312,0.00589718536704,0,1,8,0.1,7.050788784652905e-71
M,311,0.006243995185509,0,1,8,0.1,2.3737437703998546e-67
M,310,0.0064798692633,0,1,8,0.1,1.8882904473188214e-67
M,309,0.0064187617774500005,0,1,8,0.1,7.518578925279911e-67
M,308,0.006837483501024,0,1,8,0.1,5.126087665705897e-20
M,307,0.0065422072215,0,1,8,0.1,1.0328903211997681e-19
M,306,0.006659027281737,0,1,8,0.1,1.633138675834938e-67
M,305,0.006606604194912,0,1,8,0.1,3.6388189607327714e-67
M,304,0.007214422337949,0,1,8,0.1,3.0836620615743264e-67
M,303,0.007175042972224,0,1,8,0.1,1.504453202008302e-68
M,302,0.007365532015529999,0,1,8,0.1,1.486220622561046e-67
M,301,0.0075921121977280005,0,1,8,0.1,2.532061999648899e-67
M,300,0.00765840215728,0,1,8,0.1,8.88977529879192e-68
